	graphemes	phonemes	phones	lang
0	many	mˈɛni	mˈɛni	eng
1	people	pˈipʌl	pˈipʌl	eng
2	huh,	hˈʌ,	hˈʌ,	eng
3	we	wˈi	wˈɪ	eng
4	we	wˈi	wˈi	eng
5	we	wˈi	wˈi	eng
6	have	hˈæv	hˈæv	eng
7	how	hˈaʊ	hˈaʊ	eng
8	to	tˈu	tˈu	eng
9	say	sˈeɪ	sˈeɪ	eng
10	how	hˈaʊ	hˈaʊ	eng
11	many	mˈɛni	mˈɛni	eng
12				eng
13	fi,	fˈaɪ,	fˈaɪ,	eng
14	uh,	ˈʌ,	ˈʌ,	eng
15	more	mˈɔɹ	mˈɔɹ	eng
16	than	ðˈæn	ðˈæn	eng
17	five	fˈaɪv	fˈaɪv	eng
18				eng
19	five	fˈaɪv	fˈaɪv	eng
20	so,	sˈoʊ,	sˈoʊ,	eng
21	no	nˈoʊ	nˈoʊ	eng
22	no	nˈoʊ	nˈoʊ	eng
23	no	nˈoʊ	nˈoʊ	eng
24				eng
25	aha,	ˌɑhˈɑ,	ˌɑhˈɑ,	eng
26	more	mˈɔɹ	mˈɔɹ	eng
27	more	mˈɔɹ	mˈɔɹ	eng
28	more	mˈɔɹ	mˈɔɹ	eng
29	than	ðˈæn	ðˈæn	eng
30	five	fˈaɪv	fˈaɪv	eng
31	million	mˈɪljʌn	mˈɪnjʌn	eng
32	people	pˈipʌl	pˈipʌl	eng
33	ever,	ˈɛvɝ,	ˈɛvɝ,	eng
34	every	ˈɛvɝi	ˈɛvɝi	eng
35	day	dˈeɪ	dˈeɪ	eng
36	every	ˈɛvɝi	ˈɛvɝi	eng
37	year	jˈɪɹ	jˈɪɹ	eng
38	who	hˈu	hˈu	eng
39	takes	tˈeɪks	tˈeɪks	eng
40	the 	ðʌ 	ðə	eng
41	exam	ɪgzˈæm	ɪgzˈæm	eng
42	who	hˈu	hˈu	eng
43	takes	tˈeɪks	tˈeɪks	eng
44	the	ðʌ	ðə	eng
45	exams	ɪgzˈæmz	ɪgzˈæmz	eng
46				eng
47	uh	ˈʌ	ˈʌ	eng
48	ih	ɪ	ɪ	eng
49				eng
50	if	ˈɪf	ˈɪf	eng
51	they	ðˈeɪ	ðˈeɪ	eng
52	want	wˈɑnt	wˈɑnt	eng
53	to	tˈu	tˈu	eng
54	go	gˈoʊ	gˈoʊ	eng
55	to	tˈu	tˈu	eng
56	university	jˌunʌvˈɝsʌti	jˌunʌvˈɝsʌti	eng
57	in	ɪn	ɪn	eng
58	German	ʤˈɝmʌn	ʤˈɝmʌn	eng
59	unis	junɪs	weɪs	eng
60	then	ðˈɛn	ðˈɛn	eng
61	the	ðʌ	ðə	eng
62	professors	pɹʌfˈɛsɝz	pɹʌfˈɛsɝz	eng
63	or	ˈɔɹ	ˈɔɹ	eng
64	the	ðʌ	ðə	eng
65	teachers	tˈiʧɝz	tˈiʧɝz	eng
66	in	ɪn	ɪn	eng
67	universities	jˌunʌvˈɝsʌtiz	jˌunʌvˈɝsʌtiz	eng
68	would	wˈʊd	wˈud	eng
69	I	ˈaɪ	ˈaɪ	eng
70	I	ˈaɪ	ˈaɪ	eng
71	I	ˈaɪ	ˈaɪ	eng
72	think	θˈɪŋk	θˈɪŋk	eng
73	they	ðˈeɪ	ðˈeɪ	eng
74	would	wˈʊd	wˈʊdə	eng
75	easy	ˈizi	ˈizi	eng
76	they,	ðˈeɪ,	ðˈeɪ,	eng
77	they	ðˈeɪ	ðˈeɪ	eng
78	would	wˈʊd	wˈʊd	eng
79	I	ˈaɪ	ˈaɪ	eng
80	they	ðˈeɪ	ðˈeɪ	eng
81	they	ðˈeɪ	ðˈeɪ	eng
82	would	wˈʊd	wˈʊd	eng
83	/ai/	ai	ai	eng
84	easily	ˈizʌli	ˈizʌli	eng
85	cause	kˈɑz	kˈɑz	eng
86	they	ðˈeɪ	ðˈeɪ	eng
87	need	nˈid	nˈid	eng
88	to	tˈu	tˈu	eng
89	read	ɹˈɛd	ɹˈɛ	eng
90	the	ðʌ	ðə	eng
91	paper	pˈeɪpɝ	pˈeɪpɝ	eng
92	the	ðʌ	ðəʔ	eng
93	the	ðʌ	ðə	eng
94	application	ˌæplʌkˈeɪʃʌn	ˌæplɪkˈeɪʃn	eng
95	paper	pˈeɪpɝ	pˈeɪpɝ	eng
96	from	fɹˈʌm	fɹˈʌm	eng
97	so	sˈoʊ	sˈoʊ	eng
98	many	mˈɛni	mˈɛni	eng
99	students	stˈudʌnts	stˈudʌnts	eng
100	every	ˈɛvɝi	ˈɛvɝi	eng
101	year	jˈɪɹ	jˈɪɹ	eng
102	and	ʌnd	æn	eng
103	the	ðʌ	si	eng
104	and	ʌnd	æn	eng
105	and	ʌnd	æn	eng
106	they	ðˈeɪ	ðˈeɪ	eng
107	they	ðˈeɪ	ðˈeɪ	eng
108	can't	kˈænt	kˈant	eng
109	judge	ʤˈʌʤ	ʤˈʌʤ	eng
110	whose	hˈuz	hˈuz	eng
111	are	ˈɑɹ	ˈɑɹ	eng
112	better	bˈɛtɝ	bˈɛtɝ	eng
113	they	ðˈeɪ	ðˈeɪ	eng
114	can't	kˈænt	kˈant	eng
115	judge	ʤˈʌʤ	ʤˈʌʤ	eng
116	and	ʌnd	æn	eng
117				eng
118	mh	ˈɛmˈ	ˈɛmˈ	eng
119	they	ðˈeɪ	ðˈeɪ	eng
120	would	wˈʊd	wˈʊd	eng
121	even	ˈivɪn	ˈivɪn	eng
122				eng
123	how	hˈaʊ	hˈaʊ	eng
124	does	dˈʌz	dˈʌz	eng
125	he	hˈi	hˈi	eng
126				eng
127	/ɪ/	ɪ	ɪ	eng
128	if	ˈɪf	ˈɪf	eng
129	you	jˈu	jˈu	eng
130	have	hˈæv	hˈæv	eng
131	a	ʌ	ʌɹ	eng
132				eng
133	if	ˈɪf	ˈɪf	eng
134	you	jˈu	jˈu	eng
135	have	hˈæv	hˈæv	eng
136	good	gˈʊd	gˈʊd	eng
137	relationships	ɹilˈeɪʃʌnʃˌɪps	ɹilˈeɪʃʌnʃˌɪps	eng
138	with	wˈɪð	wˈɪð	eng
139	the	ðʌ	ðəʔ	eng
140	teachers	tˈiʧɝz	tˈiʧɝz	eng
141	then	ðen	ðen	eng
142	with	wˈɪð	wˈɪð	eng
143	the	ðʌ	ðə	eng
144	teachers	tˈiʧɝz	tˈiʧɝz	eng
145	and	ʌnd	æn	eng
146	the	ðʌ	ðə	eng
147	professors	pɹʌfˈɛsɝz	pɹʌfˈɛsɝz	eng
148	universities	jˌunʌvˈɝsʌtiz	jˌunʌvˈɝsʌtiz	eng
149	then	ðˈɛn	ðˈɛn	eng
150	it's	ˈɪts	ˈɪts	eng
151	quite	kwˈaɪt	kwˈaɪt	eng
152	easy	ˈizi	ˈizi	eng
153	for	fˈɔɹ	fˈɔɹ	eng
154	you	jˈu	jˈu	eng
155	to	tˈu	tˈu	eng
156	go	gˈoʊ	gˈoʊ	eng
157	to	tˈu	tˈu	eng
158	uh	ˈʌ	ˈʌʔ	eng
159	go	gˈoʊ	gˈoʊ	eng
160	there	ðˈɛɹ	ðˈɛɹ	eng
161	so	sˈoʊ	sˈoʊ	eng
162	so	sˈoʊ	sˈoʊ	eng
163	it's	ˈɪts	ˈɪts	eng
164	not	nˈɑt	nˈɑt	eng
165	fair	fˈɛɹ	fˈɛɹ	eng
166	it's	ˈɪts	ˈɪts	eng
167	not	nˈɑt	nˈɑt	eng
168	fair	fˈɛɹ	fˈɛɹ	eng
169	to	tˈu	tˈu	eng
170				eng
171				eng
172				eng
173				eng
174				eng
175	it's	ˈɪts	ˈɪts	eng
176	the	ðʌ	ðə	eng
177	most	mˈoʊst	mˈost	eng
178	fair	fˈɛɹ	fˈɛɹ	eng
179	we	wˈi	wˈi	eng
180	for	fˈɔɹ	fˈɔɹ	eng
181				eng
182	people	pˈipʌl	pˈipʌl	eng
183	in	ɪn	ɪn	eng
184	China	ʧˈaɪnʌ	ʧˈaɪʔnʌ	eng
185				eng
186	in	ɪn	ɪn	eng
187	e	ˈi	ˈi	eng
188	even	ˈivɪn	ˈivɪn	eng
189	in	ɪn	ɪn	eng
190	the	ðʌ	ðə	eng
191	whole	hˈoʊl	hˈoʊl	eng
192	life	lˈaɪf	lˈaɪf	eng
193	/i/	i	i	eng
194	even	ˈivɪn	ˈivɪn	eng
195	in	ɪn	ɪn	eng
196	your	jˈɔɹ	jˈɔɹ	eng
197	whole	hˈoʊl	hˈoʊl	eng
198	life	lˈaɪf	lˈaɪf	eng
199	it's	ˈɪts	ˈɪts	eng
200	the	ðʌ	ðə	eng
201	it's	ˈɪts	ˈɪts	eng
202	the	ðʌ	ðə	eng
203	most	mˈoʊst	mˈostə	eng
204	fair	fˈɛɹ	fˈɛɹ	eng
205	or	ˈɔɹ	ˈɔɹ	eng
206	fairest	fˈɛɹɪst	fˈɛɹɪst	eng
207	most	mˈoʊst	mˈostə	eng
208	fair	fˈɛɹ	fˈɛɹ	eng
209				eng
210				eng
211				eng
212				eng
213				eng
214				eng
215				eng
216	mh	ˈɛmˈ	ˈɛmˈ	eng
217				eng
218	if	ˈɪf	ˈɪf	eng
219	you	jˈu	jˈu	eng
220				eng
221	uh	ˈʌ	ˈʌ	eng
222				eng
223	if	ˈɪf	ˈɪf	eng
224	your	jˈɔɹ	jˈɔɹ	eng
225	family	fˈæmʌli	fˈæmʌli	eng
226	is	ˈɪz	ˈɪz	eng
227	rich	ɹˈɪʧ	ɹˈɪʧ	eng
228				eng
229	then	ðˈɛn	ðˈɛn	eng
230	maybe	mˈeɪbi	mˈeɪbi	eng
231	you	jˈu	jˈu	eng
232	can	kˈæn	kˈæn	eng
233	go	gˈoʊ	gˈoʊ	eng
234	to	tˈu	tˈu	eng
235	the	ðʌ	ðəʔ	eng
236				eng
237	the,	ðʌ,	ðʌ,	eng
238	the	ðʌ	ðʌ	eng
239	best	bˈɛst	bˈɛst	eng
240	the	ðʌ	ðə	eng
241	the	ðʌ	ðə	eng
242	best	bˈɛst	bˈɛst	eng
243	/s/	s	s	eng
244	school	skˈul	skˈul	eng
245	in	ɪn	ɪn	eng
246	the	ðʌ	ðə	eng
247	city	sˈɪti	sˈiti	eng
248	or	ˈɔɹ	ˈɔɹ	eng
249	yeah,	jˈæ,	jˈæ,	eng
250	or	ˈɔɹ	ˈɔɹ	eng
251	or	ˈɔɹ	ˈɔɹ	eng
252	even	ˈivɪn	ˈivɪn	eng
253	in	ɪn	ɪn	eng
254	the	ðʌ	ðə	eng
255	province	pɹˈɑvʌns	pɹˈɑvins	eng
256	mh	ˈɛmˈ	ˈɛmˈ	eng
257				eng
258	then,	ðˈɛn,	ðˈɛn,	eng
259	then	ðˈɛn	ðˈɛn	eng
260	you	jˈu	jˈu	eng
261	would	wˈʊd	wˈʊd	eng
262				eng
263	have	hˈæv	hˈæv	eng
264				eng
265	yeah	jˈæ	jˈæ	eng
266	you	jˈu	jˈy	eng
267	you	jˈu	jˈy	eng
268	you	jˈu	jˈu	eng
269	will	wˈɪl	wˈɪl	eng
270	have	hˈæv	hˈæv	eng
271	different	dˈɪfɝʌnt	dˈɪfɝʌnt	eng
272				eng
273	mh	ˈɛmˈ	ˈɛmˈ	eng
274	methods	mˈɛθʌdz	mˈɛθʌdz	eng
275	and	ʌnd	æn	eng
276	and	ʌnd	æn	eng
277	the	ðʌ	ðə	eng
278	teachers	tˈiʧɝz	tˈiʧɝz	eng
279	would	wˈʊd	wˈʊd	eng
280	tell	tˈɛl	tˈɛl	eng
281	you	jˈu	jˈu	eng
282	which	wˈɪʧ	wˈɪʧ	eng
283	are	ˈɑɹ	ˈɑɹ	eng
284	the	ðʌ	ðə	eng
285	best	bˈɛst	bˈɛst	eng
286	way	wˈeɪ	wˈeɪ	eng
287	to	tˈu	tˈu	eng
288	learn	lˈɝn	lˈɝn	eng
289				eng
290	/the/	ðʌ	ðə	eng
291	they	ðˈeɪ	ðˈeɪ	eng
292	would	wˈʊd	wˈʊd	eng
293	teach	tˈiʧ	tˈiʧ	eng
294	you	jˈu	jˈu	eng
295	I	ˈaɪ	ˈaɪ	eng
296	I	ˈaɪ	ˈaɪ	eng
297	think	θˈɪŋk	θˈɪŋ	eng
298	methods	mˈɛθʌdz	mˈɛθʌdz	eng
299	are	ˈɑɹ	ˈɑɹ	eng
300	more	mˈɔɹ	mˈɔɹ	eng
301	important	ˌɪmpˈɔɹtʌnt	ˌɪmpˈɔɹtʌnt	eng
302	then	ðˈɛn	ðˈɛn	eng
303	just	ʤˈʌst	ʤˈʌs	eng
304	solving	sˈɑlvɪŋ	sˈɑlvɪŋ	eng
305	the	ðʌ	ðʌ	eng
306	problems	pɹˈɑblʌmz	pɹˈɑblʌmz	eng
307	and	ʌnd	æn	eng
308				eng
309	and	ʌnd	æn	eng
310	if	ˈɪf	ˈɪf	eng
311	if	ˈɪf	ˈɪf	eng
312				eng
313	is	ˈɪz	ˈɪz	eng
314	rich	ɹˈɪʧ	ɹˈɪʧ	eng
315	then	ðˈɛn	ðˈɛn	eng
316	you	jˈu	jˈu	eng
317	can	kˈæn	kˈæn	eng
318	go	gˈoʊ	gˈoʊ	eng
319	to	tˈu	tˈu	eng
320	the	ðʌ	ðə	eng
321	best	bˈɛst	bˈɛst	eng
322				eng
323	school	skˈul	skˈu	eng
324				eng
325	and	ʌnd	æn	eng
326				eng
327				eng
328	the	ðʌ	ðə	eng
329	best	bˈɛst	bˈɛst	eng
330				eng
331	learning	lˈɝnɪŋ	lˈɝnɪn	eng
332	methods	mˈɛθʌdz	mˈɛθɜdz	eng
333	then	ðˈɛn	ðˈɛn	eng
334				eng
335	mh	ˈɛmˈ	ˈɛmˈ	eng
336	/ə/	ə	ə	eng
337	and	ʌnd	æn	eng
338	also	ˈɔlsoʊ	ˈɔlsoʊ	eng
339				eng
340	develop	dɪvˈɛlʌp	dɪvˈɛlʌp	eng
341				eng
342	your	jˈɔɹ	jˈɔɹ	eng
343				eng
344	your	jˈɔɹ	jˈɔɹ	eng
345	views	vjˈuz	vjˈuz	eng
346	towards	tʌwˈɔɹdz	tʌwˈɔɹdz	eng
347	the	ðʌ	ðə	eng
348	world	wˈɝld	wˈɝld	eng
349	is	ˈɪz	ˈɪz	eng
350	is	ˈɪz	ˈɪz	eng
351	also	ˈɔlsoʊ	ˈɔlsoʊ	eng
352	important,	ˌɪmpˈɔɹtʌnt,	ˌɪmpˈɔɹtʌnt,	eng
353	then	ðˈɛn	ðˈɛn	eng
354	then	ðˈɛn	ðˈɛn	eng
355	it	ˈɪt	ˈɪt	eng
356	makes	mˈeɪks	mˈeɪks	eng
357				eng
358	you	jˈu	jˈu	eng
359	stronger	stɹˈɔŋgɝ	stɹˈɔŋgɝ	eng
360	and	ʌnd	æn	eng
361	more	mˈɔɹ	mˈɔɹ	eng
362	successful	sʌksˈɛsfʌl	sʌksˈɛsfʌl	eng
363	after	ˈæftɝ	ˈæftɝ	eng
364	you	jˈu	jˈuʔ	eng
365	after	ˈæftɝ	ˈæftɝ	eng
366	graduation,	gɹˌæʤuˈeɪʃʌn,	gɹˌæʤuˈeɪʃʌn,	eng
367	but	bˈʌt	bˈʌ	eng
368				eng
369	mh,	ˈɛmˈ	ˈɛmˈ	eng
370	/ɪ/	ɪ	ɪ	eng
371	if	ˈɪf	ˈɪf	eng
372	your	jˈɔɹ	jˈɔɹ	eng
373	family	fˈæmʌli	fˈæmʌli	eng
374	is	ˈɪz	ˈɪz	eng
375	not	nˈɑt	nˈɑ	eng
376	so	sˈoʊ	sˈoʊ	eng
377	rich	ɹˈɪʧ	ɹˈɪʧ	eng
378	/j/	j	j	eng
379	you	jˈu	jˈu	eng
380	just	ʤˈʌst	ʤˈʌs	eng
381	go	gˈoʊ	gˈoʊ	eng
382	to	tˈu	tˈu	eng
383	a	ʌ	ʌ	eng
384	quite	kwˈaɪt	kwˈaɪt	eng
385	normal	nˈɔɹmʌl	nˈɔɹmʌl	eng
386	school	skˈul	skˈul	eng
387	but	bˈʌt	bˈʌʔ	eng
388				eng
389	mh	ˈɛmˈ	ˈɛmˈ	eng
390				eng
391	ih	ɪ	ɪ	eng
392				eng
393	but	bˈʌt	bˈʌt	eng
394	it	ˈɪt	ˈɪt	eng
395	doesn't	dˈʌzʌnt	dˈʌzʌnt	eng
396	affect	ʌfˈɛkt	ʌfˈɛkt	eng
397	too	tˈu	tˈu	eng
398	much	mˈʌʧ	mˈʌɹʧ	eng
399	cause,	kˈɑz,	kˈɑz,	eng
400	cause	kˈɑz	kˈɑz	eng
401				eng
402	ih	ɪ	ɪ	eng
403	uh	ˈʌ	ˈʌ	eng
404	the	ðʌ	ðə	eng
405	school	skˈul	skˈul	eng
406	just	ʤˈʌst	ʤˈʌst	eng
407	depends	dɪpˈɛndz	dɪpˈɛndz	eng
408	on,	ˈɑn	ˈɑŋ	eng
409	just	ʤˈʌst	ʤˈʌst	eng
410	depends	dɪpˈɛndz	dɪpˈɛndz	eng
411	on	ˈɑn	ˈɑŋ	eng
412	your	jˈɔɹ	jˈɔɹ	eng
413				eng
414	mh,	ˈɛmˈ	ˈɛmˈ	eng
415	depends	dɪpˈɛndz	dɪpˈɛndz	eng
416	on	ˈɑn	ˈɑn	eng
417	whether	wˈɛðɝ	wˈɛðɝ	eng
418	you	jˈu	jˈu	eng
419	have	hˈæv	hˈæv	eng
420	worked	wˈɝkt	wˈɝkt	eng
421	hard	hˈɑɹd	hˈɑɹd	eng
422	whether	wˈɛðɝ	wˈɛðɝ	eng
423	you	jˈu	jˈu	eng
424	have	hˈæv	hˈæv	eng
425				eng
426	acquired	ʌkwˈaɪɝd	ʌkwˈaɪɝd	eng
427	the	ðʌ	ðə	eng
428				eng
429	mh	ˈɛmˈ	ˈɛmˈ	eng
430	knowledge	nˈɑlʌʤ	nˈɑnʌʤ	eng
431	uh	ˈʌ	ˈʌ	eng
432	points	pˈɔɪnts	pˈɔɪnts	eng
433				eng
434	whether	wˈɛðɝ	wˈɛðɝ	eng
435	you	jˈu	jˈu	eng
436	have	hˈæv	hˈæv	eng
437	known	nˈoʊn	nˈoʊn	eng
438	the	ðʌ	ðə	eng
439	essence	ˈɛsʌns	ˈɛsʌns	eng
440	of	ˈʌv	ˈʌv	eng
441	the	ðʌ	ðə	eng
442	subject,	sʌbʤˈɛkt,	sʌbʤˈɛkt,	eng
443	mh	ˈɛmˈ	ˈɛmˈ	eng
444				eng
445	it	ˈɪt	ˈɪt	eng
446	doesn't	dˈʌzʌnt	dˈʌzʌnt	eng
447	affect	ʌfˈɛkt	ʌfˈɛkt	eng
448	too	tˈu	tˈu	eng
449	much,	mˈʌʧ	mˈʌɹʧ	eng
450	but	bˈʌt	bˈʌʔ	eng
451	but	bˈʌt	bˈʌt	eng
452	it	ˈɪt	ˈɪt	eng
453	but	bˈʌt	bˈʌt	eng
454	you	jˈu	jˈu	eng
455	you	jˈu	jˈu	eng
456	have	hˈæv	hˈæv	eng
457	to	tˈu	tˈu	eng
458	accept	æksˈɛpt	æksˈɛpt	eng
459				eng
460	the	ðʌ	ðə	eng
461	attitude	ˈætʌtˌud	ˈætʌtˌud	eng
462	that	ðˈæt	ðˈæt	eng
463				eng
464	maybe	mˈeɪbi	mˈeɪbi	eng
465	you	jˈu	jˈu	eng
466	have	hˈæv	hˈæv	eng
467	difference	dˈɪfɝʌns	dˈifrʌns	eng
468	from	fɹˈʌm	fɹˈʌm	eng
469	the	ðʌ	ðə	eng
470				eng
471	people	pˈipʌl	pˈipʌl	eng
472	who	hˈu	hˈu	eng
473	are	ˈɑɹ	ˈɑɹ	eng
474	in	ɪn	ɪn	eng
475	big	bˈɪg	bˈɪg	eng
476	cities	sˈɪtiz	sˈɪtiz	eng
477	/ɪ/	ɪ	ɪ	eng
478	if	ˈɪf	ˈɪf	eng
479	if	ˈɪf	ˈɪf	eng
480	you're	jˈʊɹ	jˈʊɹ	eng
481	just	ʤˈʌst	ʤˈʌs	eng
482	from	fɹˈʌm	fɹˈʌm	eng
483	an	ˈæn	ˈæn	eng
484				eng
485	normal	nˈɔɹmʌl	nˈɔɹmʌl	eng
486	small	smˈɔl	smˈɔl	eng
487	cities,	sˈɪtiz	sˈɪtiz	eng
488	yeah	jˈæ	jˈæ	eng
489	cause,	kˈɑz,	kˈɑz,	eng
490	mh,	ˈɛmˈ	ˈɛmˈ	eng
491	our	ˈaʊɝ	ˈaʊɝ	eng
492				eng
493				eng
494	we	wˈi	wˈɪ	eng
495	we	wˈi	wˈɪ	eng
496	have	hˈæv	hˈæv	eng
497	one	wˈʌn	wˈʌn	eng
498	problem	pɹˈɑblʌm	pɹˈɑblʌm	eng
499	with	wˈɪð	wˈɪð	eng
500	the	ðʌ	ðə	eng
501	the	ðʌ	ðə	eng
502	mh	ˈɛmˈ	ˈɛmˈ	eng
503	education	ˌɛʤʌkˈeɪʃʌn	ˌɛʤukˈeɪʃən	eng
504				eng
505	education	ˌɛʤʌkˈeɪʃʌn	ˌɛʤukˈeɪʃən	eng
506	source	sˈɔɹs	sˈɔɹs	eng
507	or	ˈɔɹ	ˈɔɹ	eng
508	education	ˌɛʤʌkˈeɪʃʌn	ˌɛʤukˈeɪʃən	eng
509				eng
510	power	pˈaʊɝ	pˈaʊɝ	eng
511	or	ˈɔɹ	ˈɔɹ	eng
512	education,	ˌɛʤʌkˈeɪʃʌn	ˌɛʤukˈeɪʃən	eng
513	or	ˈɔɹ	ˈɔɹ	eng
514	what's	wˈʌts	wˈʌts	eng
515	that	ðˈæt	ðˈæt	eng
516	word	wˈɝd	wˈɝd	eng
517	what's	wˈʌts	wˈʌts	eng
518	that	ðˈæt	ðˈæt	eng
519	word	wˈɝd	wˈɝd	eng
520	edu	ˈɛdju	ˈɛdju	eng
521	uh	ˈʌ	ˈʌ	eng
522				eng
523				eng
524	resource	ɹˈisɔɹs	ɹˈisɔɹs	eng
525				eng
526	education	ˌɛʤʌkˈeɪʃʌn	ˌɛʤukˈeɪʃən	eng
527	resource	ɹˈisɔɹs	ɹˈisɔɹs	eng
528				eng
529	is	ˈɪz	ˈɪz	eng
530	not	nˈɑt	nˈɑt	eng
531	evenly	ˈivʌnli	ˈivʌnli	eng
532	distributed	dɪstɹˈɪbjʌtʌd	dɪstɹˈɪbjʌtʌd	eng
533	in	ɪn	ɪn	eng
534				eng
535	cities	sˈɪtiz	sˈɪtiz	eng
536				eng
537	and	ʌnd	æn	eng
538				eng
539	eh	ˈɛ	ˈɛ	eng
540	even	ˈivɪn	ˈɪvɪn	eng
541	in	ɪn	ɪn	eng
542	some	sˈʌm	sˈʌm	eng
543	poor	pˈuɹ	pˈuɹ	eng
544	districts	dˈɪstɹɪkts	dˈɪstɹɪks	eng
545	you	jˈu	jˈu	eng
546	can't	kˈænt	kˈan	eng
547	you	jˈu	jˈu	eng
548	you	jˈu	jˈu	eng
549	can't	kˈænt	kˈant	eng
550	find	fˈaɪnd	fˈaɪnd	eng
551	a	ʌ	ʌ	eng
552	teacher	tˈiʧɝ	tˈiʧɝ	eng
553				eng
554	so	sˈoʊ	sˈoʊ	eng
555	so	sˈoʊ	sˈoʊ	eng
556	that	ðˈæt	ðˈæt	eng
557	affects	ʌfˈɛkts	əfˈɛkts	eng
558				eng
559	too	tˈu	tˈu	eng
560	much	mˈʌʧ	mˈʌɹʧ	eng
561	but	bˈʌt	bˈʌ	eng
562				eng
563	family	fˈæmʌli	fˈæmʌliʔ	eng
564				eng
565	yeah,	jˈæ	jˈæ	eng
566	/i/	ɪ	ɪ	eng
567	if	ˈɪf	ˈɪf	eng
568	your	jˈɔɹ	jˈɔɹ	eng
569	parents	pˈɛɹʌnts	pˈɛɹʌnts	eng
570				eng
571	didn't	dˈɪdʌnt	dˈɪdʌnt	eng
572				eng
573	if	ˈɪf	ˈɪf	eng
574	your	jˈɔɹ	jˈɔɹ	eng
575	parents	pˈɛɹʌnts	pˈɛɹʌnts	eng
576	don't	dˈoʊnt	dˈoʊnt	eng
577	divorce	dɪvˈɔɹs	dɪvˈɔɹs	eng
578				eng
579	cause,	kˈɑz	kˈɑz	eng
580	cause	kˈɑz	kˈɑz	eng
581	a	ʌ	ʌ	eng
582	divorce	dɪvˈɔɹs	dɪvˈɔɹs	eng
583				eng
584	has	hˈæz	xˈæz	eng
585				eng
586	b	bˈi	bˈi	eng
587	big	bˈɪg	bˈɪg	eng
588	effects	ɪfˈɛkts	ɪfˈɛks	eng
589	on	ˈɑn	ˈɑŋʔ	eng
590	especially	ʌspˈɛʃli	ʌspˈɛʃəli	eng
591				eng
592	uh	ˈʌ	ˈʌ	eng
593	teenagers,	tˈinˌeɪʤɝz,	tˈinˌeɪʤɝz,	eng
594	yeah	jˈæ	jˈæ	eng
595	/ð/ 	ð 	ð 	eng
596	that's	ðˈæts	ðˈæts	eng
597	the	ðʌ	ðə	eng
598	world	wˈɝld	wˈɝld	eng
599	of	ˈʌv	ˈʌv	eng
600	a	ʌ	ʌ	eng
601	family	fˈæmʌli	fˈæmʌli	eng
602				eng
603				eng
604				eng
605	the	ðʌ	ðə	eng
606	/ð/	ð	ð	eng
607	the	ðʌ	ðə	eng
608	cost	kɑst	kɑstə	eng
609	wouldn't	wˈʊdʌnt	wˈʊdʌnt	eng
610	be	bˈi	bˈi	eng
611	too	tˈu	tˈu	eng
612	much	mˈʌʧ	mˈʌɹʧ	eng
613	for	fˈɔɹ	fˈɔʔ	eng
614				eng
615	for	fˈɔɹ	fˈɔɹ	eng
616				eng
617				eng
618	/mɪ/	mɪ	mɪ	eng
619	m	ˈm	ˈm	eng
620	middle	mˈɪdʌl	mˈɪdʌl	eng
621	and	ʌnd	æn	eng
622	high schools	hˈaɪ skˈulz	hˈaɪ skˈulz	eng
623	cause	kˈɑz	kˈɑz	eng
624				eng
625	actually	ˈækʧˌuʌli	ˈækʧˌuʌli	eng
626	the	ðʌ	ðə	eng
627	the	ðʌ	ðə	eng
628	cost	kˈɑst	kˈɑst	eng
629	mh	ˈɛmˈ	ˈɛmˈ	eng
630				eng
631	most	mˈoʊst	mˈoʊst	eng
632	of	ˈʌv	ˈʌv	eng
633	the	ðʌ	ðə	eng
634	cost	kˈɑst	kˈɑst	eng
635	have	hˈæv	hˈæv	eng
636	been	bˈɪn	bˈɪn	eng
637				eng
638	I	ˈaɪ	ˈa	eng
639	mean	mˈin	mˈin	eng
640	I	ˈaɪ	ˈaɪ	eng
641	mean	mˈin	mˈin	eng
642	the	ðʌ	ðə	eng
643	burden	bˈɝdʌn	bˈɝdʌn	eng
644	is	ˈɪz	ˈɪz	eng
645				eng
646	the	ðʌ	ðə	eng
647	the	ðʌ	ðə	eng
648	cost	kˈɑst	kˈɑst	eng
649	is	ˈɪz	ˈɪz	eng
650	from	fɹˈʌm	fɹˈʌm	eng
651	the	ðʌ	ðəʔ	eng
652	country	kˈʌntɹi	kˈʌŋntɹi	eng
653	not	nˈɑt	nˈɑ	eng
654	not	nˈɑt	nˈɑt	eng
655	from	fɹˈʌm	fɹˈʌm	eng
656	families	fˈæmʌliz	fˈæmʌliz	eng
657				eng
658				eng
659				eng
660				eng
661	yeah	jˈæ	jˈæ	eng
662				eng
663	quite	kwˈaɪt	kwˈaɪt	eng
664	alot	ʌlˈɑt	ʌlˈɑt	eng
665	of	ˈʌv	ˈʌv	eng
666	friends	fɹˈɛndz	fɹˈɛndz	eng
667	cause	kˈɑz	kˈɑz	eng
668	we	wˈi	wˈi	eng
669	have	hˈæv	hˈæv	eng
670	so	sˈoʊ	sˈoʊ	eng
671	many	mˈɛni	mˈɛni	eng
672	people	pˈipʌl	pˈipʌl	eng
673	we	wˈi	wˈi	eng
674	have	hˈæv	hˈæv	eng
675	so	sˈoʊ	sˈoʊ	eng
676	many	mˈɛni	mˈɛni	eng
677	classmates	klˈæsmˌeɪts	klˈæsmˌeɪts	eng
678	so	sˈoʊ	sˈoʊ	eng
679	we	wˈi	wˈe	eng
680	we	wˈi	wˈe	eng
681	we	wˈi	wˈe	eng
682	can	kˈæn	kˈæn	eng
683	choose	ʧˈuz	ʧˈuz	eng
684	/wɪ/	wˈɪ	wˈɪ	eng
685	which	wˈɪʧ	wˈɪʧ	eng
686	is	ˈɪz	ˈɪz	eng
687	the	ðʌ	ðə	eng
688	best	bˈɛst	bˈɛstə	eng
689				eng
690	for	fˈɔɹ	fˈɔɹ	eng
691	you	jˈu	jˈu	eng
692	yah	jˈɑ	jˈɑ	eng
693	and	ʌnd	æn	eng
694				eng
695	mh	ˈɛmˈ	ˈɛmˈ	eng
696	we	wˈi	wˈɪ	eng
697	we	wˈi	wˈi	eng
698	even	ˈivɪn	ˈivɪn	eng
699	have	hˈæv	hˈæv	eng
700	communications	kʌmjˌunʌkˈeɪʃʌnz	kʌmjˌunɪkˈeɪʃʌnz	eng
701	now	nˈaʊ	nˈaʊ	eng
702	after	ˈæftɝ	ˈæftɝ	eng
703	so	sˈoʊ	sˈoʊ	eng
704	many	mˈɛni	mˈɛni	eng
705	years	jˈɪɹz	jˈɪɹz	eng
706				eng
707	if	ˈɪf	ˈɪf	eng
708	we	wˈi	wˈi	eng
709	have	hˈæv	hˈæv	eng
710	free	fɹˈi	fɹˈɪ	eng
711	time	tˈaɪm	tˈaɪm	eng
712				eng
713	we,	wˈi	wˈɪ	eng
714	have	hˈæv	hˈæv	eng
715	so	sˈoʊ	sˈoʊ	eng
716	many	mˈɛni	mˈɛni	eng
717	ways	wˈeɪz	wˈeɪz	eng
718	to	tˈu	tˈu	eng
719				eng
720	to	tˈu	tˈu	eng
721	keep,	kˈip,	kˈipə,	eng
722	to	tˈu	tˈu	eng
723	keep	kˈip	kˈip	eng
724	us	ˈʌs	ˈʌs	eng
725	away	ʌwˈeɪ	ʌwˈeɪ	eng
726	from	fɹˈʌm	fɹˈʌm	eng
727	the	ðʌ	ðə	eng
728	study	stˈʌdi	stˈʌdi	eng
729	and	ʌnd	ænd	eng
730	to	tˈu	tˈu	eng
731	mh	ˈɛmˈ	ˈɛmˈ	eng
732	relax	ɹɪlˈæks	ɹɪlˈæks	eng
733	also,	ˈɔlsoʊ,	ˈɔlsoʊ,	eng
734	yeah	jˈæ	jˈæ	eng
735				eng
736	karaoke	kˌɛɹiˈoʊki	kˌɛɹəˈoʊki	eng
737				eng
738	also	ˈɔlsoʊ	ˈɔlsoʊ	eng
739	uh	ˈʌ	ˈʌ	eng
740				eng
741				eng
742				eng
743				eng
744	and	ʌnd	æn	eng
745				eng
746	 boys	bˈɔɪz	bˈɔɪz	eng
747	want	wˈɑnt	wˈɑnt	eng
748	play	plˈeɪ	plˈeɪ	eng
749	basketball	bˈæskʌtbˌɔl	bˈæskʌtbˌɔl	eng
750	and	ʌnd	æn	eng
751	football	fˈʊtbˌɔl	fˈʊtbˌɔl	eng
752	but	bˈʌt	bˈʌʔ	eng
753	girls	gˈɝlz	gˈɝlz	eng
754	would	wˈʊd	wˈʊd	eng
755	mh	ˈɛmˈ	ˈɛmˈ	eng
756				eng
757	go	gˈoʊ	gˈoʊ	eng
758	to	tˈu	tˈu	eng
759	restaurants,	ɹˈɛstɝˌɑnts,	ɹˈɛstɝˌɑŋs,	eng
760	go	gˈoʊ	gˈoʊ	eng
761	to	tˈu	tˈu	eng
762	uh,	ˈʌ,	ˈʌ,	eng
763	go	gˈoʊ	gˈoʊ	eng
764	go	gˈoʊ	gˈoʊ	eng
765	for	fˈɔɹ	fˈɔɹ	eng
766	shopping	ʃˈɑpɪŋ	ʃˈɑpɪŋ	eng
767				eng
768	uh	ˈʌ	ˈʌ	eng
769				eng
770	mh,	ˈɛmˈ	ˈɛmˈ	eng
771	to	tˈu	tˈ	eng
772	see	sˈi	sˈi	eng
773	movies	mˈuviz	mˈuviz	eng
774	cinema,	sˈɪnʌmʌ	sˈɪnʌmə	eng
775	yeah	jˈæ	jˈæ	eng
776	cinema	sˈɪnʌmʌ	sˈɪnʌmʌ	eng
777	also	ˈɔlsoʊ	ˈɔlsoʊ	eng
778				eng
779	uh,	ˈʌ,	ˈʌ,	eng
780				eng
781	sometimes	sʌmtˈaɪmz	sʌmtˈaɪmz	eng
782	ice-skating	ˈaɪs-skˈeɪtɪŋ	ˈaɪs-skˈeɪtɪŋ	eng
783	sometimes	sʌmtˈaɪmz	sʌmtˈaɪmz	eng
784	mh	ˈɛmˈ	ˈɛmˈ	eng
785				eng
786	parks	pˈɑɹks	pˈɑɹks	eng
787				eng
788				eng
789	yeah	jˈæ	jˈæ	eng
790	can	kˈæn	kˈæn	eng
791	go	gˈoʊ	gˈoʊ	eng
792	to	tˈu	tˈu	eng
793	parks	pˈɑɹks	pˈɑɹks	eng
794				eng
795	mh	ˈɛmˈ	ˈɛmˈ	eng
796				eng
797	playgrounds	plˈeɪgɹˌaʊndz	plˈeɪgɹˌaʊndz	eng
798				eng
799	and	ʌnd	æn	eng
800				eng
801	yeah,	jˈæ,	jˈæ,	eng
802	/ɑ/ 	ɑ 	ɑ 	eng
803	often	ˈɔftʌn	ˈɔfən	eng
804	often	ˈɔftʌn	ˈɔfən	eng
805	go	gˈoʊ	gˈoʊ	eng
806	shopping	ʃˈɑpɪŋ	ʃˈɑpɪŋ	eng
807				eng
808				eng
809				eng
810	mh	ˈɛmˈ	ˈɛmˈ	eng
811				eng
812				eng
813	I	ˈaɪ	ˈaɪ	eng
814	I	ˈaɪ	ˈaɪ	eng
815	don't	dˈoʊnt	dˈoʊnt	eng
816	want	wˈɑnt	wˈɑnt	eng
817	to	tˈu	tˈu	eng
818	be	bˈi	bˈi	eng
819	a	ʌ	ʌ	eng
820	good	gˈʊd	gˈʊd	eng
821	student	stˈudʌnt	sjˈudʌnt	eng
822	though	ðˈoʊ	ðˈoʊ	eng
823	I	ˈaɪ	ˈaɪ	eng
824	am	ˈæm	ˈæm	eng
825				eng
826				eng
827	mh,	ˈɛmˈ	ˈɛmˈ	eng
828	I 	ˈaɪ 	ˈa	eng
829	I	ˈaɪ	ˈaɪ	eng
830	want	wˈɑnt	wˈɑn	eng
831	too	tˈu	tˈu	eng
832	yeah	jˈæ	jˈæ	eng
833	I	ˈaɪ	ˈa	eng
834	I	ˈaɪ	ˈaɪ	eng
835	often	ˈɔftʌn	ˈɔfən	eng
836	play	plˈeɪ	plˈeɪ	eng
837	with	wˈɪð	wˈɪð	eng
838	the	ðʌ	ðə	eng
839	students	stˈudʌnts	stˈudʌnts	eng
840	whose	hˈuz	hˈuz	eng
841	score	skˈɔɹ	skˈɔɹ	eng
842	isn't	ˈɪzʌnt	ˈɪzʌn	eng
843	quite	kwˈaɪt	kwˈaɪt	eng
844	I	ˈaɪ	ˈaɪ	eng
845	mean	mˈin	mˈin	eng
846	you	jˈu	jˈu	eng
847	you	jˈu	jˈu	eng
848	you	jˈu	jˈu	eng
849	can't	kˈænt	kˈant	eng
850	judge	ʤˈʌʤ	ʤˈʌd	eng
851	them	ðˈɛm	ðˈɛm	eng
852	by	bˈaɪ	bˈaɪ	eng
853	only	ˈoʊnli	ˈoʊnli	eng
854	by	bˈaɪ	bˈaɪ	eng
855	scores	skˈɔɹz	skˈɔɹz	eng
856	but	bˈʌt	bˈʌ	eng
857	but	bˈʌt	bˈʌt	eng
858	we	wˈi	wˈi	eng
859	we	wˈi	wˈə	eng
860	we	wˈi	wˈi	eng
861	the	ðʌ	ðə	eng
862	teachers	tˈiʧɝz	tˈiʧɝz	eng
863	in	ɪn	ɪn	eng
864	China	ʧˈaɪnʌ	ʧˈaɪnʌ	eng
865	or	ˈɔɹ	ˈɔɹ	eng
866	parents	pˈɛɹʌnts	pˈɛɹʌnts	eng
867	mh	ˈɛmˈ	ˈɛmˈ	eng
868	some	sˈʌm	sˈʌm	eng
869	even	ˈivɪn	ˈivɪn	eng
870	some	sˈʌm	sˈʌm	eng
871	classmates	klˈæsmˌeɪts	klˈasmˌeɪts	eng
872	will	wˈɪl	wˈɪl	eng
873	will	wˈɪl	wˈɪl	eng
874	judge,	ʤˈʌʤ	ʤˈʌʤ	eng
875	will	wˈɪl	wˈɪl	eng
876	judge	ʤˈʌʤ	ʤˈʌʤ	eng
877	you	jˈu	jˈu	eng
878	by	bˈaɪ	bˈaɪ	eng
879	score	skˈɔɹ	skˈɔɹ	eng
880	and	ʌnd	æn	eng
881	you	jˈu	jˈu	eng
882	feel	fˈil	fˈil	eng
883	bad,	bˈæd,	bˈæʔ	eng
884	/ɪ/ 	ɪ 	ɪ 	eng
885	if	ˈɪf	ˈɪf	eng
886	you	jˈu	jˈu	eng
887	are	ˈɑɹ	ˈɑɹ	eng
888	yeah	jˈæ	jˈæ	eng
889	they	ðˈeɪ	ðˈeɪ	eng
890	they	ðˈeɪ	ðˈeɪ	eng
891	will	wˈɪl	wˈɪl	eng
892	say	sˈeɪ	sˈeɪ	eng
893	you	jˈu	jˈu	eng
894	are	ˈɑɹ	ˈɑɹ	eng
895	student	stˈudʌnt	stˈudʌnt	eng
896	ih	ɪ	ɪ	eng
897	a	ʌ	ʌ	eng
898	good	gˈʊd	gˈʊd	eng
899	student	stˈudʌnt	stˈudʌnt	eng
900	if	ˈɪf	ˈɪf	eng
901	you	jˈu	jˈu	eng
902	always	ˈɔlwˌeɪz	ˈɔlwˌeɪz	eng
903	get	gˈɛt	gˈɛk	eng
904	high	hˈaɪ	hˈaɪ	eng
905	scores	skˈɔɹz	skˈɔɹz	eng
906	in	ɪn	ɪn	eng
907	/ɪ/	ɪ	ɪ	eng
908	exams	ɪgzˈæmz	ɪgzˈæmz	eng
909	but	bˈʌt	bˈʌ	eng
910				eng
911	then	ðˈɛn	ðˈɛn	eng
912	I	ˈaɪ	ˈaɪ	eng
913	often	ˈɔftʌn	ˈɔfən	eng
914	play	plˈeɪ	plˈeɪ	eng
915	with	wˈɪð	wˈɪð	eng
916	bad	bˈæd	bˈæd	eng
917				eng
918	classmates	klˈæsmˌeɪts	klˈæsmˌeɪts	eng
919	but	bˈʌt	bˈʌʔ	eng
920	but	bˈʌt	bˈʌt	eng
921	the	ðʌ	ðə	eng
922	the	ðʌ	ðə	eng
923	characteristics	kˌɛɹɪktɝˈɪstɪks	kˌɛɹɪtɝˈɪst	eng
924	I	ˈaɪ	ˈaɪ	eng
925	mean	mˈin	mˈin	eng
926	the	ðʌ	ðə	eng
927	personalities	pˌɝsʌnˈælɪtiz	pˌɝsʌnˈælɪtiz	eng
928	is	ˈɪz	ˈɪz	eng
929	actually	ˈækʧˌuʌli	ˈækʧˌuʌlə	eng
930	not	nˈɑt	nˈɑt	eng
931	bad	bˈæd	bˈæd	eng
932	but	bˈʌt	bˈʌʔ	eng
933	but	bˈʌt	bˈʌt	eng
934	teachers	tˈiʧɝz	tˈiʧɝz	eng
935	will	wˈɪl	wˈɪl	eng
936	regard	ɹʌgˈɑɹd	ɹʌgˈɑɹd	eng
937	them	ðˈɛm	ðˈɛm	eng
938	as	ˈæz	ˈæz	eng
939	bad	bˈæd	bˈæ	eng
940	students	stˈudʌnts	stˈudʌnts	eng
941				eng
942	yeah	jˈæ	jˈæ	eng
943	that's	ðˈæts	ðˈæs	eng
944	true,	tɹˈu	tɹˈu	eng
945	how	hˈaʊ	hˈaʊ	eng
946	about	ʌbˈaʊt	ʌbˈaʊt	eng
947	you?	jˈu?	jˈu?	eng
948				eng
949				eng
950	cause	kˈɑz	kˈɑz	eng
951	cause	kˈɑz	kˈɑz	eng
952	we	wˈi	wˈi	eng
953	have	hˈæv	hˈæv	eng
954	so	sˈoʊ	sˈoʊ	eng
955	many	mˈɛni	mˈɛni	eng
956	people,	pˈipʌl,	pˈipʌl,	eng
957	we	wˈi	wˈi	eng
958	we	wˈi	wˈi	eng
959	have	hˈæv	hˈæv	eng
960	comparison	kʌmpˈɛɹʌsʌn	kʌmpˈɛɹʌsʌn	eng
961	/p/	p	p	eng
962	yeah	jˈæ	jˈæ	eng
963	the	ðʌ	ðə	eng
964	teacher	tˈiʧɝ	tˈiʧɝ	eng
965	parent	pˈɛɹʌnt	pˈɛɹ	eng
966	teachers	tˈiʧɝz	tˈiʧɝz	eng
967	parents	pˈɛɹʌnts	pˈɛɹʌnts	eng
968	and	ʌnd	æn	eng
969	also	ˈɔlsoʊ	ˈɔlsoʊ	eng
970	classmates	klˈæsmˌeɪts	klˈæsmˌeɪts	eng
971	who	hˈu	hˈu	eng
972	would	wˈʊd	wˈʊd	eng
973	/kʌm/	kˈʌm	kˈʌm	eng
974	compare	kʌmpˈɛɹ	kʌmpˈɛɹ	eng
975	you	jˈu	jˈu	eng
976	to	tˈu	tˈu	eng
977	others	ˈʌðɝz	ˈʌðɝz	eng
978	every	ˈɛvɝi	ˈɛvɝi	eng
979	day,	dˈeɪ,	dˈeɪ,	eng
980	/ev/ 	ev 	ev 	eng
981	everywhere	ˈɛvɹiwˌɛɹ	ˈɛvɹiwˌɛɹ	eng
982	to	tˈu	tˈ	eng
983	to	tˈu	tˈu	eng
984	everyone	ˈɛvɹiwˌʌn	ˈɛvɹiwˌen	eng
985				eng
986				eng
987	they	ðˈeɪ	ðˈeɪ	eng
988	don't	dˈoʊnt	dˈoʊnt	eng
989	mind,	mˈaɪnd	mˈaɪn	eng
990	they	ðˈeɪ	ðˈeɪ	eng
991	just	ʤˈʌst	ʤˈʌs	eng
992	mh	ˈɛmˈ	ˈɛmˈ	eng
993	they	ðˈeɪ	ðˈeɪ	eng
994	they	ðˈeɪ	ðˈeɪ	eng
995	just	ʤˈʌst	ʤˈʌs	eng
996	see	sˈi	sˈi	eng
997	your	jˈɔɹ	jˈɔɹ	eng
998	scores	skˈɔɹz	skˈɔɹz	eng
999				eng
1000				eng
1001	so,	sˈoʊ,	sˈoʊ,	eng
1002	uhm,	əm	əm	eng
1003	we	wˈi	wˈi	eng
1004	uh	ˈʌ	ˈʌ	eng
1005	I	ˈaɪ	ˈa	eng
1006	I	ˈaɪ	ˈaɪ	eng
1007	don't	dˈoʊnt	dˈoʊnt	eng
1008	know	nˈoʊ	nˈoʊ	eng
1009				eng
1010	uh	ˈʌ	ˈʌ	eng
1011	I	ˈaɪ	ˈaɪ	eng
1012	don't	dˈoʊnt	dˈoʊn	eng
1013	know	nˈoʊ	nˈoʊ	eng
1014	whether	wˈɛðɝ	wˈɛðɝ	eng
1015				eng
1016	mh	ˈɛmˈ	ˈɛmˈ	eng
1017	Wenyi	wɛnji	wɛnji	eng
1018				eng
1019	Zhang	ʒˈæŋ	ʒˈaŋ	eng
1020	Wenyi	wɛnji	wɛnji	eng
1021				eng
1022	would	wˈʊd	wˈʊd	eng
1023	think,	θˈɪŋk,	θˈɪŋk,	eng
1024	cause	kˈɑz	kˈɑz	eng
1025				eng
1026	cause	kˈɑz	kˈɑz	eng
1027	she	ʃˈi	ʃˈi	eng
1028				eng
1029	she	ʃˈi	ʃˈɪ	eng
1030	has	hˈæz	hˈæz	eng
1031	she	ʃˈi	ʃˈɪ	eng
1032	has	hˈæz	hˈæz	eng
1033	already	ɔlɹˈɛdi	ɔlɹˈɛdi	eng
1034	get	gˈɛt	gˈɛt	eng
1035	married	mˈɛɹid	mˈɛɹɪd	eng
1036	to	tˈu	tˈu	eng
1037	a	ʌ	ʌ	eng
1038	German	ʤˈɝmʌn	ʤˈɝmən	eng
1039	guy	gˈaɪ	gˈaɪ	eng
1040	but	bˈʌt	bˈʌ	eng
1041	mh	ˈɛmˈ	ˈɛmˈ	eng
1042	/æ/	ˈæ	ˈæ	eng
1043	at	ˈæt	ˈæt	eng
1044	least	lˈist	lˈist	eng
1045	her	hˈɝ	xˈɝ	eng
1046	her	hˈɝ	hˈɝ	eng
1047	children	ʧˈɪldɹʌn	ʧˈɪldɹʌn	eng
1048	can	kˈæn	kˈæn	eng
1049	get	gˈɛt	gˈɛt	eng
1050	education	ˌɛʤʌkˈeɪʃʌn	ˌɛʤukˈeɪʃən	eng
1051	here	hˈiɹ	hˈiɹ	eng
1052	but	bˈʌt	bˈʌ	eng
1053	we	wˈi	wˈɪ	eng
1054	we	wˈi	wˈi	eng
1055	Chinese	ʧaɪnˈiz	ʧaɪnˈiz	eng
1056	people	pˈipʌl	pˈipʌl	eng
1057				eng
1058	are	ˈɑɹ	ˈɑɹ	eng
1059	trying	tɹˈaɪɪŋ	tɹˈaɪn	eng
1060	to	tˈu	tˈu	eng
1061				eng
1062	avoid	ʌvˈɔɪd	ʌvˈɔɪd	eng
1063				eng
1064	putting	pˈʌtɪŋ	pˈʌtɪn	eng
1065	students	stˈudʌnts	stˈudʌnts	eng
1066	in	ɪn	ɪn	eng
1067	traditional	tɹʌdˈɪʃʌnʌl	tɹʌdˈɪʃʌnʌl	eng
1068	Chinese	ʧaɪnˈiz	ʧaɪnˈiz	eng
1069	schools	skˈulz	skˈulz	eng
1070	cause	kˈɑz	kˈɑz	eng
1071				eng
1072	it	ˈɪt	ˈɪt	eng
1073	it	ˈɪt	ˈɪt	eng
1074	it	ˈɪt	ˈɪt	eng
1075	will	wˈɪl	wˈɪl	eng
1076	make	mˈeɪk	mˈeɪk	eng
1077	you	jˈu	jˈu	eng
1078				eng
1079	thinking	θˈɪŋkɪŋ	θˈɪŋkɪŋ	eng
1080	only	ˈoʊnli	ˈoʊnli	eng
1081	about	ʌbˈaʊt	ʌbˈaʊt	eng
1082	the	ðʌ	ði	eng
1083	exams,	ɪgzˈæmz,	ɪgzˈæmz,	eng
1084	the	ðʌ	ðə	eng
1085	scores,	skˈɔɹz,	skˈɔɹz,	eng
1086	it	ˈɪt	ˈɪ	eng
1087	it's	ˈɪts	ˈɪs	eng
1088	not	nˈɑt	nˈɑt	eng
1089	right,	ɹˈaɪt,	ɹˈaɪt,	eng
1090	yeah	jˈæ	jˈæ	eng
1091	we	wˈi	wˈe	eng
1092	we	wˈi	wˈi	eng
1093	are	ˈɑɹ	ˈɑɹ	eng
1094	trying	tɹˈaɪɪŋ	tɹˈaɪɪŋ	eng
1095	to	tˈu	tˈu	eng
1096	avoid	ʌvˈɔɪd	ʌvˈɔɪd	eng
1097	it	ˈɪt	ˈɪ	eng
1098	if	ˈɪf	ˈɪf	eng
1099	if	ˈɪf	ˈɪf	eng
1100	we	wˈi	wˈi	eng
1101	can	kˈæn	kˈæn	eng
1102	but	bˈʌt	bˈʌʔ	eng
1103	but	bˈʌt	bˈʌt	eng
1104	/mo/ 	mˈo	mˈo	eng
1105	most	mˈoʊst	mˈoʊs	eng
1106	of	ˈʌv	ˈʌv	eng
1107	people	pˈipʌl	pˈipʌl	eng
1108	don't	dˈoʊnt	dˈoʊnt	eng
1109	have	hˈæv	hˈæv	eng
1110	choices	ʧˈɔɪsʌz	ʧˈɔɪsʌz	eng
1111	they	ðˈeɪ	ðˈeɪ	eng
1112	they	ðˈeɪ	ðˈeɪ	eng
1113	have	hˈæv	hˈæv	eng
1114	to	tˈu	tˈu	eng
1115	accept	æksˈɛpt	æksˈɛpt	eng
1116	the	ðʌ	ðə	eng
1117	ways,	wˈeɪz,	wˈeɪz,	eng
1118	they	ðˈeɪ	ðˈeɪ	eng
1119	they	ðˈeɪ	ðˈeɪ	eng
1120	have	hˈæv	hˈæv	eng
1121	to	tˈu	tˈu	eng
1122				eng
1123	accept	æksˈɛpt	æksˈɛpt	eng
1124	their	ðˈɛɹ	ðˈɛɹ	eng
1125	uh	ˈʌ	ˈʌ	eng
1126				eng
1127	so	sˈoʊ	sˈoʊ	eng
1128	/wʌ/ 	wʌ	w ʌ	eng
1129	what	wˈʌt	wˈʌt	eng
1130	the	ðʌ	ðə	eng
1131	problems	pɹˈɑblʌmz	pɹˈɑblʌmz	eng
1132	they	ðˈeɪ	ðˈeɪ	eng
1133	have	hˈæv	hˈæ	eng
1134	already	ɔlɹˈɛdi	ɔlɹˈɛdi	eng
1135	got	gˈɑt	gˈɑt	eng
1136	when	wˈɛn	wˈɛn	eng
1137	they	ðˈeɪ	ðˈeɪ	eng
1138	grew	gɹˈu	gɹˈu	eng
1139	up	ˈʌp	ˈʌp	eng
1140	could	kˈʊd	ˈʊd	eng
1141	happen	hˈæpʌn	hˈæpʌn	eng
1142	again	ʌgˈɛn	ʌgˈɛn	eng
1143	to	tˈu	tˈu	eng
1144	their	ðˈɛɹ	ðˈɛɹ	eng
1145	children	ʧˈɪldɹʌn	ʧˈɪldɹʌn	eng
1146	they	ðˈeɪ	ðˈeɪ	eng
1147	have	hˈæv	hˈæv	eng
1148	no	nˈoʊ	nˈoʊ	eng
1149	choices	ʧˈɔɪsʌz	ʧˈɔɪsʌz	eng
1150				eng
1151				eng
1152	it	ˈɪt	ˈɪ	eng
1153	make	mˈeɪk	mˈeɪk	eng
1154	you	jˈu	jˈu	eng
1155	stronger	stɹˈɔŋgɝ	stɹˈɔŋgɝ	eng
1156				eng
1157				eng
1158				eng
1159	Blame?	blˈeɪm	blˈeɪm	eng
1160				eng
1161				eng
1162	no	nˈoʊ	nˈoʊ	eng
1163	I'm	ˈaɪm	ˈaɪm	eng
1164	a	ʌ	ʌ	eng
1165	good	gˈʊd	gˈʊ	eng
1166	student	stˈudʌnt	stˈudʌt	eng
1167				eng
1168				eng
1169	no,	nˈoʊ,	nˈoʊ,	eng
1170	ih,	ɪ,	ɪ,	eng
1171	thoug	θɔuɡ	θɔuɡ	eng
1172	I	ˈaɪ	ˈaɪ	eng
1173	was	wˈɑz	wˈɑz	eng
1174	sometimes	sʌmtˈaɪmz	sʌmtˈaɪmz	eng
1175	make	mˈeɪk	mˈeɪk	eng
1176	troubles	tɹˈʌbʌlz	tɹˈʌbʌlz	eng
1177	and	ʌnd	æn	eng
1178	uh	ˈʌ	ˈʌ	eng
1179	I	ˈaɪ	ˈaɪ	eng
1180	sometimes	sʌmtˈaɪmz	sʌmtˈaɪmz	eng
1181	would	wˈʊd	ˈʊd	eng
1182	try	tɹˈaɪ	tɹˈaɪ	eng
1183	to	tˈu	tˈu	eng
1184	be	bˈi	bˈi	eng
1185	a	ʌ	ʌ	eng
1186	best	bˈɛst	bˈɛs	eng
1187	student	stˈudʌnt	stˈudʌnt	eng
1188	and	ʌnd	æn	eng
1189	play,	plˈeɪ,	plˈeɪ,	eng
1190	even	ˈivɪn	ˈivɪn	eng
1191	play	plˈeɪ	plˈeɪ	eng
1192	cards	kˈɑɹdz	kˈɑɹdz	eng
1193	in	ɪn	ɪn	eng
1194	the	ðʌ	ðəʔ	eng
1195	in	ɪn	ɪn	eng
1196	the	ðʌ	ðə	eng
1197	teaching	tˈiʧɪŋ	tˈiʧɪŋ	eng
1198	classrooms	klˈæsɹˌumz	klˈæsˌumz	eng
1199				eng
1200	but	bˈʌt	bˈʌ	eng
1201	teacher,	tˈiʧɝ,	tˈiʧɝ,	eng
1202	the	ðʌ	ðə	eng
1203	the	ðʌ	ðə	eng
1204	/t/ teachers	t 	t 	eng
1205	teachers	tˈiʧɝz	tˈiʧɝz	eng
1206	never	nˈɛvɝ	nˈɛvɝ	eng
1207	blamed	blˈeɪmd	blˈeɪm	eng
1208	me	mˈi	mˈi	eng
1209	for	fˈɔɹ	fˈɔɹ	eng
1210	that	ðˈæt	ðˈæt	eng
1211	I	ˈaɪ	ˈaɪ	eng
1212	I	ˈaɪ	ˈaɪ	eng
1213	don't	dˈoʊnt	dˈoʊnt	eng
1214	know	nˈoʊ	nˈoʊ	eng
1215	they	ðˈeɪ	ðˈeɪ	eng
1216	cause	kˈɑz	kˈɑz	eng
1217	they	ðˈeɪ	ðˈeɪ	eng
1218	think	θˈɪŋk	θˈɪŋk	eng
1219	that	ðˈæt	ðˈæt	eng
1220	I'm	ˈaɪm	ˈaɪm	eng
1221	a	ʌ	ʌ	eng
1222	stu	stˈu	stˈu	eng
1223	I'm	ˈaɪm	ˈaɪm	eng
1224	a	ʌ	ʌ	eng
1225	good	gˈʊd	gˈʊd	eng
1226	student,	stˈudʌnt,	stˈudʌnt,	eng
1227	they	ðˈeɪ	ðˈeɪ	eng
1228	they	ðˈeɪ	ðˈeɪ	eng
1229	can't	kˈænt	kˈant	eng
1230	believe	bɪlˈiv	bɪlˈiv	eng
1231	that	ðˈæt	ðˈæt	eng
1232	for	fˈɔɹ	fˈɔɹ	eng
1233	me	mˈi	mˈi	eng
1234	cause	kˈɑz	kˈɑz	eng
1235	I	ˈaɪ	ˈaɪ	eng
1236	have	hˈæv	hˈæv	eng
1237	already	ɔlɹˈɛdi	ɔlɹˈɛdi	eng
1238	done	dˈʌn	dˈaʊʔ	eng
1239	the	ðʌ	ðə	eng
1240	best	bˈɛst	bˈɛst	eng
1241	that	ðˈæt	ðˈæt	eng
1242	I	ˈaɪ	ˈaɪ	eng
1243	can	kˈæn	kˈæn	eng
1244	do	dˈu	dˈu	eng
1245	in	ɪn	ɪn	eng
1246	exams	ɪgzˈæmz	ɪgzˈæmz	eng
1247	and	ʌnd	æn	eng
1248	they	ðˈeɪ	ðˈeɪ	eng
1249	they	ðˈeɪ	ðˈeɪ	eng
1250	all	ˈɔl	ˈɔl	eng
1251	they	ðˈeɪ	ðˈeɪ	eng
1252	all	ˈɔl	ˈɔl	eng
1253	blame	blˈeɪm	blˈeɪm	eng
1254	for	fˈɔɹ	fˈɔɹ	eng
1255	others	ˈʌðɝz	ˈʌðɝz	eng
1256	that	ðˈæt	ðˈæt	eng
1257				eng
1258	others	ˈʌðɝz	ˈʌðɝz	eng
1259	who	hˈu	xˈu	eng
1260	played	plˈeɪd	plˈeɪd	eng
1261	with	wˈɪð	wˈɪð	eng
1262	me	mˈi	mˈi	eng
1263				eng
1264				eng
1265	and	ʌnd	æn	eng
1266				eng
1267	/j/ /j/ you	j	j 	eng
1268	/j/	j	j	eng
1269	you	jˈu	jˈu	eng
1270	know	nˈoʊ	nˈoʊ	eng
1271	that	ðˈæt	ðˈæt	eng
1272	listening	lˈɪsʌnɪŋ	lˈɪsʌnɪn	eng
1273	to	tˈu	tˈu	eng
1274	uh	ˈʌ	ˈʌ	eng
1275	listen	lˈɪsʌn	lˈɪsʌn	eng
1276	to	tˈu	tˈu	eng
1277	music,	mjˈuzɪk,	mjˈuzɪk,	eng
1278	playing,	plˈeɪɪŋ,	plˈeɪɪŋ,	eng
1279	playing	plˈeɪɪŋ	plˈeɪɪŋ	eng
1280	with	wˈɪð	wˈɪð	eng
1281	phones	fˈoʊnz	fˈoʊnz	eng
1282	though	ðˈoʊ	ðˈoʊ	eng
1283				eng
1284	we	wˈi	wˈi	eng
1285	don't	dˈoʊnt	dˈoʊnt	eng
1286	have	hˈæv	hˈæv	eng
1287	smartphones	smɑɹtfownz	smɑɹtfownz	eng
1288	/ə/ 	ə 	ə 	eng
1289	at	ˈæt	ˈæt	eng
1290	that	ðˈæt	ðˈæt	eng
1291	time	tˈaɪm	tˈaɪm	eng
1292	and	ʌnd	æn	eng
1293	even	ˈivɪn	ˈivɪn	eng
1294	reading	ɹˈidɪŋ	ɹˈidɪŋ	eng
1295	a	ʌ	ʌ	eng
1296	novel	nˈɑvʌl	nˈɑvɔ	eng
1297	or	ˈɔɹ	ˈɔɹ	eng
1298				eng
1299	of	ˈʌv	ˈʌv	eng
1300	course	kˈɔɹs	kˈɔɹs	eng
1301	playing	plˈeɪɪŋ	plˈeɪɪŋ	eng
1302	cards	kˈɑɹdz	kˈɑɹdz	eng
1303	/ðæ/ 	ðæ 	ðæ 	eng
1304	those	ðˈoʊz	ðˈoʊz	eng
1305	are	ˈɑɹ	ˈɑɹ	eng
1306	all	ˈɔl	ˈɔr	eng
1307	forbidden	fˈɔɹbɪdʌn	fˈɔɹbɪdʌn	eng
1308	in	ɪn	ɪn	eng
1309	classrooms	klˈæsɹˌumz	klˈasɹˌumz	eng
1310	but	bˈʌt	bˈʌʔ	eng
1311	I	ˈaɪ	ˈaɪ	eng
1312	I	ˈaɪ	ˈaɪ	eng
1313	have	hˈæv	hˈæv	eng
1314	done	dˈʌn	dˈʌn	eng
1315	all	ˈɔl	ˈɔl	eng
1316	that	ðˈæt	ðˈæt	eng
1317	and	ʌnd	æn	eng
1318	I	ˈaɪ	ˈa	eng
1319	I	ˈaɪ	ˈaɪ	eng
1320	have	hˈæv	hˈæv	eng
1321	even	ˈivɪn	ˈivɪn	eng
1322	/tʃ/	tʃ	tʃ	eng
1323	chatted	tʃætəd	tʃæɹtəd	eng
1324	with	wˈɪð	wˈɪð	eng
1325	people	pˈipʌl	pˈipʌl	eng
1326	in	ɪn	ɪn	eng
1327	the	ðʌ	ðə	eng
1328	classroom	klˈæsɹˌum	klˈasɹˌum	eng
1329	/w/ 	w 	w 	eng
1330	when	wˈɛn	wˈɛn	eng
1331	teachers	tˈiʧɝz	tˈiʧɝz	eng
1332	are	ˈɑɹ	ˈɑɹ	eng
1333	us	ˈʌs	ˈʌs	eng
1334	are	ˈɑɹ	ˈɑɹ	eng
1335	teaching	tˈiʧɪŋ	tˈiʧɪn	eng
1336	on	ˈɑn	ˈɑŋ	eng
1337	the	ðʌ	ðə	eng
1338				eng
1339	yeah	jˈæ	jˈæ	eng
1340	all	ˈɔl	ˈɔl	eng
1341	of	ˈʌv	ˈʌv	eng
1342	that	ðˈæt	pˈæt	eng
1343				eng
1344	I	ˈaɪ	ˈaɪ	eng
1345	I	ˈaɪ	ˈaɪ	eng
1346	will	wˈɪl	wˈɪl	eng
1347	also	ˈɔlsoʊ	ˈɔlsoʊ	eng
1348	sometimes	sʌmtˈaɪmz	sʌmtˈaɪmz	eng
1349	eat	ˈit	ˈit	eng
1350	snacks,	snˈæks,	snˈæks,	eng
1351	eat	ˈit	ˈit	eng
1352	uhm	um	um	eng
1353				eng
1354	so	sˈoʊ	sˈoʊ	eng
1355	what,	wˈʌt,	wˈʌt,	eng
1356	so	sˈoʊ	sˈoʊ	eng
1357	what	wˈʌt	wˈʌt	eng
1358				eng
1359	nuts	nˈʌts	nˈʌts	eng
1360				eng
1361				eng
1362	cause	kˈɑz	kˈɑz	eng
1363	and	ʌnd	æn	eng
1364	you	jˈu	jˈu	eng
1365	you	jˈu	jˈu	eng
1366	you	jˈu	jˈu	eng
1367	can	kˈæn	kˈæn	eng
1368	hear	hˈiɹ	hˈiɹ	eng
1369	the	ðʌ	ðə	eng
1370	sounds	sˈaʊndz	sˈaʊndz	eng
1371	but	bˈʌt	bˈʌt	eng
1372	but	bˈʌt	bˈʌt	eng
1373	the	ðʌ	ðə	eng
1374	teachers	tˈiʧɝz	tˈiʧɝz	eng
1375	teachers	tˈiʧɝz	tˈiʧɝz	eng
1376	don't	dˈoʊnt	dˈoʊnt	eng
1377	blame	blˈeɪm	blˈeɪm	eng
1378	that	ðˈæt	ðˈæt	eng
1379	for	fˈɔɹ	fˈɔɹ	eng
1380	me	mˈi	mˈi	eng
1381				eng
1382				eng
1383	just	ʤˈʌst	ʤˈʌs	eng
1384	for	fˈɔɹ	fˈɔɹ	eng
1385	one	wˈʌn	wˈʌn	eng
1386	day,	dˈeɪ,	dˈeɪ,	eng
1387	for	fˈɔɹ	fˈɔɹ	eng
1388	one	wˈʌn	wˈʌn	eng
1389	morning	mˈɔɹnɪŋ	mˈɔɹnɪŋ	eng
1390	and	ʌnd	æn	eng
1391	then	ðˈɛn	ðˈɛn	eng
1392	we	wˈi	wˈi	eng
1393	would	wˈʊd	wˈʊd	eng
1394	took	tˈʊk	tˈɔk	eng
1395	off	ˈɔf	ˈɔf	eng
1396	cause	kˈɑz	kˈɑz	eng
1397	uh	ˈʌ	ˈʌ	eng
1398	on	ˈɑn	ˈɑŋ	eng
1399	Monday	mˈʌndi	mˈʌndi	eng
1400	morning	mˈɔɹnɪŋ	mˈɔɹnɪn	eng
1401	when	wˈɛn	wˈɛn	eng
1402	mh	ˈɛmˈ	ˈɛmˈ	eng
1403				eng
1404	the	ðʌ	ðə	eng
1405	Chinese	ʧaɪnˈiz	ʧaɪnˈiz	eng
1406	flag	flˈæg	flˈæg	eng
1407				eng
1408	it's	ˈɪts	ˈɪts	eng
1409				eng
1410	mh	ˈɛmˈ	ˈɛmˈ	eng
1411	it's	ˈɪts	ˈɪts	eng
1412	education	ˌɛʤʌkˈeɪʃʌn	ˌɛʤukˈeɪʃən	eng
1413	that	ðˈæt	ðˈæt	eng
1414	you	jˈu	jˈu	eng
1415	you	jˈu	jˈu	eng
1416	must	mˈʌst	mˈʌst	eng
1417	love	lˈʌv	lˈav	eng
1418	your	jˈɔɹ	jˈɔɹ	eng
1419	country	kˈʌntɹi	kˈɒntɹi	eng
1420	you	jˈu	jˈu	eng
1421	must	mˈʌst	mˈʌst	eng
1422	love	lˈʌv	lˈʌv	eng
1423				eng
1424	uh	ˈʌ	ˈʌ	eng
1425	the	ðʌ	ðə	eng
1426	university	jˌunʌvˈɝsʌti	jˌunʌvˈɝsʌti	eng
1427	uh	ˈʌ	ˈʌ	eng
1428	uh	ˈʌ	ˈʌ	eng
1429	school	skˈul	skˈul	eng
1430	yeah	jˈæ	jˈæ	eng
1431	it's	ˈɪts	ˈɪts	eng
1432	education	ˌɛʤʌkˈeɪʃʌn	ˌɛʤukˈeɪʃən	eng
1433	time	tˈaɪm	tˈaɪm	eng
1434	educational	ˌɛʤʌkˈeɪʃʌnʌl	ˌɛʤukˈeɪʃʌnəl	eng
1435	time	tˈaɪm	tˈaɪm	eng
1436	that	ðˈæt	ðˈæt	eng
1437	you	jˈu	jˈu	eng
1438	have	hˈæv	hˈæv	eng
1439	to	tˈu	tˈu	eng
1440	you	jˈu	jˈu	eng
1441	have	hˈæv	hˈæv	eng
1442	to	tˈu	tˈu	eng
1443	wear	wˈɛɹ	wˈɛɹ	eng
1444	the	ðʌ	ðə	eng
1445	uniform,	jˈunʌfˌɔɹm,	jˈunɪfˌɔɹm,	eng
1446	but	bˈʌt	bˈʌʔ	eng
1447	we	wˈi	wˈɪ	eng
1448	we	wˈi	wˈi	eng
1449	don't	dˈoʊnt	dˈoʊnt	eng
1450	like,	lˈaɪk,	lˈaɪk,	eng
1451	we	wˈi	wˈi	eng
1452	don't	dˈoʊnt	dˈoʊnt	eng
1453	like	lˈaɪk	lˈaɪk	eng
1454	wearing	wˈɛɹɪŋ	wˈɛɹɪn	eng
1455	our	ˈaʊɝ	ˈaʊɝ	eng
1456	uniform	jˈunʌfˌɔɹm	jˈunɪfˌɔɹm	eng
1457	cause	kˈɑz	kˈɑz	eng
1458				eng
1459	it's	ˈɪts	ˈɪts	eng
1460	not	nˈɑt	nˈɑt	eng
1461	beautiful	bjˈutʌfʌl	bjˈufʌl	eng
1462				eng
1463				eng
1464	mh	ˈɛmˈ	ˈɛmˈ	eng
1465				eng
1466	actually	ˈækʧˌuʌli	ˈækʧˌuʌli	eng
1467	the	ðʌ	ðə	eng
1468	the	ðʌ	ðə	eng
1469	uniform	jˈunʌfˌɔɹm	jˈunifˌɔɹm	eng
1470				eng
1471	mh	ˈɛmˈ	ˈɛmˈ	eng
1472	one	wˈʌn	wˈʌn	eng
1473	thing	θˈɪŋ	θˈɪŋ	eng
1474	is	ˈɪz	ˈɪz	eng
1475	that	ðˈæt	ðˈæt	eng
1476	they	ðˈeɪ	ðˈeɪ	eng
1477	are	ˈɑɹ	ˈɑɹ	eng
1478	not	nˈɑt	nˈɑt	eng
1479	beautiful	bjˈutʌfʌl	bjˈuʌfʌl	eng
1480	and	ʌnd	æn	eng
1481	the	ðʌ	ðə	eng
1482	other	ˈʌðɝ	ˈʌðɝ	eng
1483	thing	θˈɪŋ	θˈɪŋ	eng
1484	is	ˈɪz	ˈɪz	eng
1485	that	ðˈæt	ðˈæt	eng
1486	the	ðʌ	ðə	eng
1487	pants	pˈænts	pˈænts	eng
1488	and	ʌnd	æn	eng
1489	also	ˈɔlsoʊ	ˈɔɹlsoʊ	eng
1490	the	ðʌ	ðə	eng
1491	clothes	klˈoʊðz	klˈoʊðəz	eng
1492	are	ˈɑɹ	ˈɑɹ	eng
1493	too	tˈu	tˈu	eng
1494	big	bˈɪg	bˈɪg	eng
1495	that	ðˈæt	ðˈæt	eng
1496	no	nˈoʊ	nˈo	eng
1497	one	wˈʌn	wˈen	eng
1498	can	kˈæn	kˈæn	eng
1499	see	sˈi	sˈi	eng
1500				eng
1501	/n/	n 	n 	eng
1502	no	nˈoʊ	nˈoʊ	eng
1503	one	wˈʌn	wˈʌn	eng
1504	can	kˈæn	kˈæn	eng
1505	see	sˈi	sˈi	eng
1506	your	jˈɔɹ	jˈɔɹ	eng
1507	shape	ʃˈeɪp	ʃˈeɪp	eng
1508	once	wˈʌns	wˈʌns	eng
1509	you're,	jˈʊɹ,	jˈʊɹ,	eng
1510	/wʌ/ 	wʌ 	wʌ 	eng
1511	once	wˈʌns	wˈʌns	eng
1512	you	jˈu	jˈu	eng
1513	wear	wˈɛɹ	wˈɛɹ	eng
1514	them,	ðˈɛm	ðˈɛm	eng
1515	so	sˈoʊ	sˈoʊ	eng
1516	mh	ˈɛmˈ	ˈɛmˈ	eng
1517				eng
1518	many	mˈɛni	mˈɛni	eng
1519	people	pˈipʌl	pˈipʌl	eng
1520	think	θˈɪŋk	θˈɪŋk	eng
1521	that	ðˈæt	ðˈæt	eng
1522	it's	ˈɪts	ˈɪts	eng
1523				eng
1524	/ɪ/ it	ɪ 	ɪ 	eng
1525	it	ˈɪt	ˈɪt	eng
1526	actually	ˈækʧˌuʌli	ˈækʧˌuʌli	eng
1527	affects	ʌfˈɛkts	ʌfˈɛkts	eng
1528	your	jˈɔɹ	jˈɔɹ	eng
1529	view	vjˈu	vjˈu	eng
1530	that	ðˈæt	ðˈæt	eng
1531	girls	gˈɝlz	gˈɝlz	eng
1532	and	ʌnd	æn	eng
1533	boys	bˈɔɪz	bˈɔɪz	eng
1534	are	ˈɑɹ	ˈɑɹ	eng
1535	the	ðʌ	ðə	eng
1536	same	sˈeɪm	sˈeɪm	eng
1537	but	bˈʌt	bˈʌt	eng
1538	actually	ˈækʧˌuʌli	ˈækʧˌuʌli	eng
1539	they	ðˈeɪ	ðˈeɪ	eng
1540	are	ˈɑɹ	ˈɑɹ	eng
1541	not	nˈɑt	nˈɑt	eng
1542	and	ʌnd	æn	eng
1543	and	ʌnd	æn	eng
1544	we	wˈi	wˈi	eng
1545	never,	nˈɛvɝ,	nˈɛvɝ,	eng
1546	we	wˈi	wˈe	eng
1547	we	wˈi	wˈi	eng
1548	never	nˈɛvɝ	nˈɛvɝ	eng
1549	teach,	tˈiʧ,	tˈiʧ,	eng
1550	we	wˈi	wˈɪ	eng
1551	we	wˈi	wˈi	eng
1552	never	nˈɛvɝ	nˈɛvɝ	eng
1553	tell	tˈɛl	tˈɛl	eng
1554	teenagers	tˈinˌeɪʤɝz	tˈinˌeɪʤɝz	eng
1555	that	ðˈæt	ðˈæt	eng
1556				eng
1557	/x/	x	x	eng
1558	how	hˈaʊ	hˈaʊ	eng
1559	girls	gˈɝlz	gˈɝlz	eng
1560	can	kˈæn	kˈæn	eng
1561	protect	pɹʌtˈɛkt	pɹʌtˈækt	eng
1562	her 	hˈɝ 	xˈɝ 	eng
1563	themselves	ðɛmsˈɛlvz	ðɛmsˈɛlvz	eng
1564	and	ʌnd	æn	eng
1565	uhm	um	um	eng
1566	how	hˈaʊ	xˈaʊ	eng
1567	/x/ 	x	x	eng
1568	how	hˈaʊ	xˈaʊ	eng
1569	you	jˈu	jˈu	eng
1570	need	nˈid	nˈid	eng
1571	to	tˈu	tˈu	eng
1572	sometimes	sʌmtˈaɪmz	sʌmtˈaɪmz	eng
1573	keep	kˈip	kˈip	eng
1574	away	ʌwˈeɪ	ʌwˈeɪ	eng
1575	from	fɹˈʌm	fɹˈʌm	eng
1576	boys	bˈɔɪz	bˈɔɪz	eng
1577	and	ʌnd	æn	eng
1578	sometimes	sʌmtˈaɪmz	sʌmtˈaɪmz	eng
1579	mh	ˈɛmˈ	ˈɛmˈ	eng
1580	you	jˈu	jˈu	eng
1581	you	jˈu	jˈu	eng
1582	are	ˈɑɹ	ˈɑɹ	eng
1583	even	ˈivɪn	dˈivɪn	eng
1584	or	ˈɔɹ	ˈɔɹ	eng
1585	we	wˈi	wˈɪ	eng
1586	we	wˈi	wˈɪɪ	eng
1587	we	wˈi	wˈɪ	eng
1588	don't	dˈoʊnt	dˈoʊn	eng
1589	talk	tˈɔk	tˈɔk	eng
1590	about,	ʌbˈaʊt,	ʌbˈaʊt,	eng
1591	we	wˈi	wˈi	eng
1592	don't	dˈoʊnt	dˈoʊnt	eng
1593	talk	tˈɔk	tˈɔk	eng
1594	about	ʌbˈaʊt	ʌbˈaʊt	eng
1595	sex	sˈɛks	sˈɛks	eng
1596	and	ʌnd	ʌnd	eng
1597	uhm	um	um	eng
1598	school	skˈul	skˈul	eng
1599	uniforms	jˈunʌfˌɔɹmz	jˈunʌfˌɔɹmz	eng
1600				eng
1601	it's	ˈɪts	ˈɪts	eng
1602	the	ðʌ	ðə	eng
1603	best	bˈɛst	bˈɛst	eng
1604	way	wˈeɪ	wˈeɪ	eng
1605	to	tˈu	tˈu	eng
1606				eng
1607	to	tˈu	tˈu	eng
1608	prevent	pɹɪvˈɛnt	pɹɪvˈɛnt	eng
1609	you	jˈu	jˈu	eng
1610	think	θˈɪŋk	θˈɪŋk	eng
1611	about	ʌbˈaʊt	ʌbˈaʊt	eng
1612	sex	sˈɛks	sˈɛks	eng
1613				eng
1614	yeah	jˈæ	jˈæ	eng
1615				eng
1616	and	ʌnd	æn	eng
1617	/i/ even	i 	i 	eng
1618	even	ˈivɪn	ˈivɪn	eng
1619	in	ɪn	ɪn	eng
1620	high 	hˈaɪ 	hˈaɪ 	eng
1621	schools	skˈulz	skˈulz	eng
1622				eng
1623	so	sˈoʊ	sˈoʊ	eng
1624	so	sˈoʊ	sˈoʊ	eng
1625	so	sˈoʊ	sˈoʊ	eng
1626	you	jˈu	jˈu	eng
1627	can	kˈæn	kˈæn	eng
1628				eng
1629	you	jˈu	jˈu	eng
1630	can	kˈæn	kˈæn	eng
1631	know	nˈoʊ	nˈoʊ	eng
1632	that	ðˈæt	ðˈæt	eng
1633	teenagers	tˈinˌeɪʤɝz	tˈinˌeɪʤɝz	eng
1634	are	ˈɑɹ	ˈɑɹ	eng
1635	actually	ˈækʧˌuʌli	ˈækʧˌuʌli	eng
1636	mature	mʌʧˈʊɹ	mʌʧˈyɹ	eng
1637	at	ˈæt	ˈæt	eng
1638	that	ðˈæt	ðˈæt	eng
1639	time	tˈaɪm	tˈaɪm	eng
1640	but	bˈʌt	bˈʌ	eng
1641	we	wˈi	wˈɪ	eng
1642	we	wˈi	wˈɪ	eng
1643	we	wˈi	wˈɪ	eng
1644	are	ˈɑɹ	ˈɑɹ	eng
1645	still	stˈɪl	stˈɪl	eng
1646	/ʌvˈɔɪ/	ʌvˈɔɪ	ʌvˈɔɪ	eng
1647	avoiding	ʌvˈɔɪdɪŋ	ʌvˈɔɪdɪn	eng
1648	that	ðˈæt	ðˈæt	eng
1649	/sa/	sˈɑ	sˈɑ	eng
1650	mh,	ˈɛmˈ	ˈɛmˈ	eng
1651	that	ðˈæt	ðˈæt	eng
1652	object,	ˈɑbʤɛkt	ˈɑbʤɛkt	eng
1653	that	ðˈæt	ðˈæt	eng
1654				eng
1655	that	ðˈæt	ðˈæt	eng
1656	point	pˈɔɪnt	pˈɔɪnt	eng
1657				eng
1658	mh	ˈɛmˈ	ˈɛmˈ	eng
1659	if	ˈɪf	ˈɪf	eng
1660	we	wˈi	wˈi	eng
1661	if	ˈɪf	ˈɪf	eng
1662	we	wˈi	wˈi	eng
1663	compare	kʌmpˈɛɹ	kʌmpˈɛɹ	eng
1664	that	ðˈæt	ðˈæt	eng
1665	to	tˈu	tˈu	eng
1666	Japanese	ʤˌæpʌnˈiz	ʤˌæpʌnˈiz	eng
1667				eng
1668	uniforms,	jˈunʌfˌɔɹmz,	jˈunɪfˌɔɹmz,	eng
1669	I	ˈaɪ	ˈaɪ	eng
1670	mean,	mˈin	mˈin	eng
1671	cause	kˈɑz	kˈɑz	eng
1672	mh	ˈɛmˈ	ˈɛmˈ	eng
1673	we	wˈi	wˈi	eng
1674	we	wˈi	wˈi	eng
1675	think	θˈɪŋk	θˈɪŋk	eng
1676	Japanese	ʤˌæpʌnˈiz	ʤˌæpʌnˈiz	eng
1677	or	ˈɔɹ	ˈɔɹ	eng
1678	Korean	kˌɔɹˈiʌn	kˌɔɹˈiən	eng
1679	uniforms	jˈunʌfˌɔɹmz	jˈunʌfˌɔɹmz	eng
1680	High 	hˈaɪ	hˈaɪ 	eng
1681	School	 skˈul	 skˈul	eng
1682	uniforms	jˈunʌfˌɔɹmz	jˈunɪfˌɔɹmz	eng
1683	are	ˈɑɹ	ˈɑɹ	eng
1684	quite	kwˈaɪt	kwˈaɪt	eng
1685	beautiful	bjˈutʌfʌl	bjˈutɪfʌl	eng
1686	cause	kˈɑz	kˈɜz	eng
1687	girls	gˈɝlz	gˈɝlz	eng
1688	can	kˈæn	kˈæn	eng
1689	/s/	s	s	eng
1690	wear	wˈɛɹ	wˈɛɹ	eng
1691	skirts	skˈɝts	skˈɝts	eng
1692				eng
1693	not	nˈɑt	nˈɑ	eng
1694	so	sˈoʊ	sˈoʊ	eng
1695	long	lˈɔŋ	lˈɔŋ	eng
1696	skirts	skˈɝts	skˈɝs	eng
1697	but	bˈʌt	bˈʌʔ	eng
1698				eng
1699	but	bˈʌt	bˈʌt	eng
1700	the	ðʌ	ðə	eng
1701	problem	pɹˈɑblʌm	pɹˈɑblʌm	eng
1702	does	dˈʌz	dˈʌz	eng
1703	exist	ɪgzˈɪst	ɪgzˈɪst	eng
1704	sometimes	sʌmtˈaɪmz	sʌmtˈaɪmz	eng
1705	cause	kˈɑz	kˈɑz	eng
1706				eng
1707	cause	kˈɑz	kˈɑz	eng
1708	men	mˈɛn	mˈɛn	eng
1709	or	ˈɔɹ	ˈɔɹ	eng
1710	boys	bˈɔɪz	bˈɔɪz	eng
1711	would	wˈʊd	ˈʊd	eng
1712				eng
1713	would	wˈʊd	wˈʊd	eng
1714				eng
1715	yeah	jˈæ	jˈæ	eng
1716	you	jˈu	jˈu	eng
1717	you	jˈu	jˈu	eng
1718	you	jˈu	jˈu	eng
1719	know	nˈoʊ	nˈoʊ	eng
1720	sometimes	sʌmtˈaɪmz	sʌmtˈaɪmz	eng
1721				eng
1722				eng
1723	rape	ɹˈeɪp	ɹˈeɪp	eng
1724	you	jˈu	jˈu	eng
1725	without	wɪθˈaʊt	wɪθˈaʊt	eng
1726	without	wɪθˈaʊt	wɪθˈaʊt	eng
1727	any	ˈɛni	hˈɛni	eng
1728	reason,	ɹˈizʌn	ɹˈizʌn	eng
1729	yeah	jˈæ	jˈæ	eng
1730	but	bˈʌt	bˈʌʔ	eng
1731				eng
1732	/la/ 	la	la	eng
1733	large	lˈɑɹʤ	lˈɑɹʤ	eng
1734	pants	pˈænts	pˈænts	eng
1735	at	ˈæt	ˈæk	eng
1736	at	ˈæt	ˈæt	eng
1737	least	lˈist	lˈist	eng
1738	protect	pɹʌtˈɛkt	pɹʌtˈɛkt	eng
1739	girls	gˈɝlz	gˈɝlz	eng
1740	but	bˈʌt	bˈʌ	eng
1741	but	bˈʌt	bˈʌ	eng
1742	it's	ˈɪts	ˈɪs	eng
1743	no	nˈoʊ	nˈoʊ	eng
1744	right	ɹˈaɪt	ɹˈaɪt	eng
1745	way	wˈeɪ	wˈeɪ	eng
1746	I	ˈaɪ	ˈaɪ	eng
1747	/ðə/	ðə	ðə	eng
1748	I	ˈaɪ	ˈaɪ	eng
1749	mean	mˈin	mˈin	eng
1750	you	jˈu	jˈu	eng
1751	you	jˈu	jˈu	eng
1752	can't	kˈænt	kˈan	eng
1753	just	ʤˈʌst	ʤˈʌst	eng
1754	avoid	ʌvˈɔɪd	ʌvˈɔɪ	eng
1755	the	ðʌ	ðə	eng
1756	problem	pɹˈɑblʌm	pɹˈɑblʌm	eng
1757	by	bˈaɪ	bˈaɪ	eng
1758				eng
1759	designing	dɪzˈaɪnɪŋ	dɪzˈaɪnɪŋ	eng
1760	such	sˈʌʧ	sˈʌʧ	eng
1761	a	ʌ	ʌʔ	eng
1762				eng
1763	ugly	ˈʌgli	ˈʌgli	eng
1764	uniform	jˈunʌfˌɔɹm	jˈunɪfˌɔɹm	eng
1765	and	ʌnd	ænd	eng
1766	you	jˈu	jˈu	eng
1767	put	pˈʊt	pˈʊt	eng
1768	them	ðˈɛm	ðˈɛm	eng
1769	on	ˈɑn	ˈɑn	eng
1770	the	ðʌ	ðə	eng
1771	students	stˈudʌnts	stˈudʌnts	eng
1772				eng
1773	mh	ˈɛmˈ	ˈɛmˈ	eng
1774				eng
1775	so	sˈoʊ	sˈoʊ	eng
1776	so	sˈoʊ	sˈoʊ	eng
1777	so	sˈoʊ	sˈoʊ	eng
1778	you	jˈu	jˈu	eng
1779	know	nˈoʊ	nˈoʊ	eng
1780	the	ðʌ	ðə	eng
1781	the	ðʌ	ðə	eng
1782	problem	pɹˈɑblʌm	pɹˈɑblʌm	eng
1783	you	jˈu	jˈu	eng
1784	you	jˈu	jˈu	eng
1785	need	nˈid	nˈid	eng
1786	to	tˈu	tˈu	eng
1787	teach	tˈiʧ	tˈiʧ	eng
1788	them	ðˈɛm	ðˈɛm	eng
1789	/ɪ/ 	ɪ	ɪ 	eng
1790	/ɪ/	ɪ	ɪ	eng
1791	it's	ˈɪts	ˈɪs	eng
1792	not	nˈɑt	nˈɑt	eng
1793	just	ʤˈʌst	ʤˈʌs	eng
1794	about 	ʌbˈaʊt 	bˈa	eng
1795	the	ðʌ	ðə	eng
1796	uniform	jˈunʌfˌɔɹm	jˈunɪfˌɔɹm	eng
1797				eng
1798				eng
1799	forbidden,	fˈɔɹbɪdʌn	fˈɔɹbɪdʌn	eng
1800	a	ʌ	ʌ	eng
1801	a	ʌ	ʌ	eng
1802	strange	stɹˈeɪnʤ	stɹˈeɪnʤ	eng
1803	point	pˈɔɪnt	pˈɔɪnt	eng
1804	in	ɪn	ɪn	eng
1805	that	ðˈæt	ðˈæt	eng
1806	you	jˈu	jˈu	eng
1807	you	jˈu	jˈu	eng
1808	are	ˈɑɹ	ˈɑɹ	eng
1809	forbidden	fˈɔɹbɪdʌn	fˈɔɹbɪdʌn	eng
1810	to	tˈu	tˈu	eng
1811	have	hˈæv	hˈæv	eng
1812	boyfriends	bˈɔɪfɹˌɛndz	bˈɔɪfɹˌɛndz	eng
1813	or	ˈɔɹ	ˈɔɹ	eng
1814	girlfriends	gˈɝlfɹˌɛndz	gˈɝlfɹˌɛndz	eng
1815	you 	jˈu 	jˈu jˈu	eng
1816	you	jˈu	jˈu	eng
1817	are	ˈɑɹ	ˈɑɹ	eng
1818	forbidden	fˈɔɹbɪdʌn	fˈɔɹbɪdʌn	eng
1819	to	tˈu	tˈu	eng
1820	have	hˈæv	hˈæv	eng
1821	that	ðˈæt	ðˈæt	eng
1822	the	ðʌ	ðə	eng
1823	relationship	ɹilˈeɪʃʌnʃˌɪp	ɹilˈeɪʃʌnʃˌɪp	eng
1824	in	ɪn	ɪn	eng
1825	High School	hˈaɪ 	hˈaɪ 	eng
1826	School	skˈul	skˈul	eng
1827	but	bˈʌt	bˈʌt	eng
1828	once	wˈʌns	wˈans	eng
1829	you	jˈu	jˈu	eng
1830	went	wˈɛnt	wˈənt	eng
1831	to	tˈu	tˈu	eng
1832	/jˌunʌvˈɝ/	jˌunʌvˈɝ	jˌunʌvˈɝ	eng
1833	go	gˈoʊ	gˈoʊ	eng
1834	to	tˈu	tˈu	eng
1835	university	jˌunʌvˈɝsʌti	jˌunʌvˈɝsʌti	eng
1836	then	ðˈɛn	ðˈɛn	eng
1837	the	ðʌ	ðə	eng
1838	parents	pˈɛɹʌnts	pˈɛɹʌnts	eng
1839	would	wˈʊd	ˈʊd	eng
1840				eng
1841	say,	sˈeɪ,	sˈeɪ,	eng
1842	oh	ˈoʊ	ˈoʊ	eng
1843	why	wˈaɪ	wˈaɪ	eng
1844	don't	dˈoʊnt	dˈoʊnt	eng
1845	you	jˈu	jˈu	eng
1846	still	stˈɪl	stˈɪl	eng
1847	have	hˈæv	hˈæv	eng
1848	a	ʌ	ʌ	eng
1849	boyfriend	bˈɔɪfɹˌɛnd	bˈɔɪfɹˌɛnd	eng
1850	or	ˈɔɹ	ˈɔɹ	eng
1851	girlfriend	gˈɝlfɹˌɛnd	gˈɝlfɹˌɛnd	eng
1852	you	jˈu	jˈy	eng
1853	you	jˈu	jˈy	eng
1854	you	jˈu	jˈy	eng
1855	you're	jˈʊɹ	jˈʊɹ	eng
1856	allowed	ʌlˈaʊd	ʌlˈaʊ	eng
1857	you	jˈu	jˈu	eng
1858	are	ˈɑɹ	ˈɑɹ	eng
1859	allowed	ʌlˈaʊd	ʌlˈaʊd	eng
1860	to	tˈu	tˈu	eng
1861	get	gˈɛt	gˈɛt	eng
1862	married	mˈɛɹid	mˈɛɹi	eng
1863	now	nˈaʊ	nˈaʊ	eng
1864	and	ʌnd	æn	eng
1865	you	jˈu	jˈy	eng
1866	you	jˈu	jˈy	eng
1867	need	nˈid	nˈid	eng
1868	to	tˈu	tˈu	eng
1869	in	ɪn	ɪn	eng
1870	in	ɪn	ɪn	eng
1871	a	ʌ	ʌ	eng
1872	hurry	hˈɝi	hˈari	eng
1873				eng
1874	you	jˈu	jˈu	eng
1875	you	jˈu	jˈu	eng
1876	need	nˈid	nˈid	eng
1877	to	tˈu	tˈu	eng
1878	get	gˈɛt	gˈɛt	eng
1879	married	mˈɛɹid	mˈɛɹid	eng
1880	hurrily	hɹ̩əli	harəli	eng
1881				eng
1882	so	sˈoʊ	sˈoʊ	eng
1883	so	sˈoʊ	sˈoʊ	eng
1884	you	jˈu	jˈu	eng
1885	can	kˈæn	kˈæn	eng
1886	see	sˈi	sˈi	eng
1887				eng
1888	in	ɪn	ɪn	eng
1889	in	ɪn	ɪn	eng
1890	High 	hˈaɪ 	hˈaɪ 	eng
1891	School	skˈul	skˈul	eng
1892	you	jˈu	jˈu	eng
1893	/wʌ/ 	wʌ	wʌ	eng
1894	what	wˈʌt	wˈʌt	eng
1895				eng
1896	what	wˈʌt	wˈʌt	eng
1897	you	jˈu	jˈu	eng
1898	need	nˈid	nˈid	eng
1899	to	tˈu	tˈu	eng
1900	learn,	lˈɝn,	lˈɝn,	eng
1901	or	ˈɔɹ	ˈɔɹ	eng
1902	what	wˈʌt	wˈʌt	eng
1903	you	jˈu	jˈu	eng
1904	need	nˈid	nˈid	eng
1905	to	tˈu	tˈu	eng
1906	focus	fˈoʊkʌs	fˈoʊkʌs	eng
1907	only	ˈoʊnli	ˈoʊnli	eng
1908	is	ˈɪz	ˈɪz	eng
1909	your	jˈɔɹ	jˈɔɹʔ	eng
1910	study	stˈʌdi	stˈʌɹdi	eng
1911	you	jˈu	jˈu	eng
1912	you	jˈu	jˈu	eng
1913	are	ˈɑɹ	ˈɑɹ	eng
1914	maybe	mˈeɪbi	mˈeɪbi	eng
1915	eightteen	ejtin	ejtin	eng
1916	or	ˈɔɹ	ˈɔɹ	eng
1917	nineteen	nˈaɪntˈin	nˈaɪntˈin	eng
1918	years	jˈɪɹz	jˈɪɹz	eng
1919	old	ˈoʊld	ˈoʊld	eng
1920	and	ʌnd	æn	eng
1921	when	wˈɛn	wˈɛn	eng
1922	you	jˈu	jˈu	eng
1923	when	wˈɛn	wˈɛn	eng
1924	you	jˈu	jˈu	eng
1925	go	gˈoʊ	gˈoʊ	eng
1926	to	tˈu	tˈu	eng
1927	university	jˌunʌvˈɝsʌti	jˌunɪvˈɝsʌti	eng
1928	you're	jˈʊɹ	jˈʊɹ	eng
1929	just	ʤˈʌst	ʤˈʌs	eng
1930	twenty	twˈɛnti	twˈɛnti	eng
1931	I	ˈaɪ	ˈaɪ	eng
1932	mean	mˈin	mˈin	eng
1933	you	jˈu	jˈu	eng
1934	/dʒ/ 	dʒ 	dʒ	eng
1935	just	ʤˈʌst	ʤˈʌst	eng
1936	one	wˈʌn	wˈʌn	eng
1937	year	jˈɪɹ	jˈɪɹ	eng
1938	/d/	d	d	eng
1939	difference	dˈɪfɝʌns	dˈɪfɝʌns	eng
1940	of	ˈʌv	ˈʌv	eng
1941	one	wˈʌn	wˈʌn	eng
1942	year	jˈɪɹ	jˈɪɹ	eng
1943				eng
1944	are	ˈɑɹ	ˈɑ	eng
1945	are	ˈɑɹ	ˈɑ	eng
1946	are	ˈɑɹ	ˈɑ	eng
1947	are	ˈɑɹ	ˈɑ	eng
1948	are	ˈɑɹ	ˈɑɹ	eng
1949	you	jˈu	jˈu	eng
1950	are	ˈɑɹ	ˈɑɹ	eng
1951	you	jˈu	jˈu	eng
1952	mature	mʌʧˈʊɹ	mʌʧˈyɹ	eng
1953	at	ˈæt	ˈæt	eng
1954	that	ðˈæt	ðˈæt	eng
1955	time	tˈaɪm	tˈaɪm	eng
1956				eng
1957	but	bˈʌt	bˈʌ	eng
1958				eng
1959	/p/ 	p 	p 	eng
1960	parents	pˈɛɹʌnts	pˈɛɹʌnts	eng
1961	and	ʌnd	æn	eng
1962	also	ˈɔlsoʊ	ˈɔlsoʊ	eng
1963	the	ðʌ	ðə	eng
1964	society	soʊsˈaɪɪti	soʊsˈaɪɪti	eng
1965	is	ˈɪz	ˈɪz	eng
1966	strange	stɹˈeɪnʤ	stɹˈeɪnʤ	eng
1967	that	ðˈæt	ðˈæt	eng
1968	you	jˈu	jˈu	eng
1969	you	jˈu	jˈu	eng
1970	are	ˈɑɹ	ˈɑɹ	eng
1971	not	nˈɑt	nˈɑt	eng
1972	allowed	ʌlˈaʊd	ʌlˈaʊd	eng
1973	to	tˈu	tˈu	eng
1974	get	gˈɛt	gˈɛt	eng
1975	a	ʌ	ʌ	eng
1976	relationship	ɹilˈeɪʃʌnʃˌɪp	ɹilˈeɪʃʌnʃˌɪp	eng
1977	in	ɪn	ɪn	eng
1978	High School	hˈaɪ 	hˈaɪ 	eng
1979	School	skˈul	skˈul	eng
1980	but	bˈʌt	bˈʌʔ	eng
1981	then	ðˈɛn	ðˈɛn	eng
1982	in	ɪn	ɪn	eng
1983	university	jˌunʌvˈɝsʌti	jˌunɪvˈɝsʌti	eng
1984				eng
1985	you	jˈu	jˈu	eng
1986	your	jˈɔɹ	jˈɔɹ	eng
1987	your	jˈɔɹ	jˈɔɹ	eng
1988	biggest	bˈɪgʌst	bˈɪgʌst	eng
1989				eng
1990	response	ɹɪspˈɑns	ɹɪspˈɑns	eng
1991	responsibility	ɹispˌɑnsʌbˈɪlʌti	ɹiʃpˌɑnsʌbˈɪlʌti	eng
1992	to	tˈu	tˈu	eng
1993	the	ðʌ	ðə	eng
1994	family	fˈæmʌli	fˈæmʌli	eng
1995	is	ˈɪz	ˈɪz	eng
1996	that	ðˈæt	ðˈæt	eng
1997	you	jˈu	jˈu	eng
1998	need	nˈid	nˈid	eng
1999	to	tˈu	tˈu	eng
2000	get	gˈɛt	gˈɛt	eng
2001	married	mˈɛɹid	mˈɛɹid	eng
2002	in	ɪn	ɪn	eng
2003	a	ʌ	ʌ	eng
2004	hurry	hˈɝi	hˈari	eng
2005				eng
2006				eng
2007	yeah,	jˈæ,	jˈæ,	eng
2008	and	ʌnd	æn	eng
2009	we	wˈi	wˈɪ	eng
2010	don't	dˈoʊnt	dˈoʊn	eng
2011	we	wˈi	wˈɪ	eng
2012	we	wˈi	wˈɪ	eng
2013	don't	dˈoʊnt	dˈoʊnt	eng
2014	talk	tˈɔk	tˈɔk	eng
2015	sex	sˈɛks	sˈɛks	eng
2016				eng
2017				eng
2018	/bʌ/	bəʌ	bʌ	eng
2019	but	bˈʌt	bˈʌt	eng
2020	now	nˈaʊ	nˈaʊ	eng
2021	I	ˈaɪ	ˈaɪ	eng
2022	I	ˈaɪ	ˈaɪ	eng
2023	have	hˈæv	hˈæv	eng
2024	seen	sˈin	sˈin	eng
2025	the	ðʌ	ðə	eng
2026	news	nˈuz	nˈuz	eng
2027	that	ðˈæt	ðˈæt	eng
2028	/ɪ/ 	ɪ 	ɪ 	eng
2029	it's	ˈɪts	ˈɪs	eng
2030	getting	gˈɛtɪŋ	gˈɛtɪŋ	eng
2031	better	bˈɛtɝ	bˈɛtɝ	eng
2032	the	ðʌ	ðə	eng
2033	the	ðʌ	ðə	eng
2034	condition	kʌndˈɪʃʌn	kʌndˈɪʃʌn	eng
2035				eng
2036				eng
2037				eng
2038				eng
2039				eng
2040				eng
2041	mh	ˈɛmˈ	ˈɛmˈ	eng
2042				eng
2043	one	wˈʌn	wˈan	eng
2044	teacher,	tˈiʧɝ	tˈiʧɝ	eng
2045	seventy	sˈɛvʌnti	sˈɛvʌnti	eng
2046	students.	stˈudʌnts	stˈudʌnts	eng
2047	/ha/ 	hˈa	xa	eng
2048	/ha/	hˈa	hˈa	eng
2049	how	hˈaʊ	hˈaʊ	eng
2050	can	kˈæn	kˈæn	eng
2051	you	jˈu	jˈu	eng
2052	manage	mˈænʌʤ	mˈænʌʤ	eng
2053	it	ˈɪt	ˈɪt	eng
2054				eng
2055				eng
2056				eng
2057	yeah,	jˈæ,	jˈæ,	eng
2058	I	ˈaɪ	ˈaɪ	eng
2059	mean,	mˈin,	mˈin,	eng
2060	uhm	um	um	eng
2061	you	jˈu	jˈu	eng
2062	can	kˈæn	kˈæn	eng
2063	you	jˈu	jˈu	eng
2064	can	kˈæn	kˈæn	eng
2065	do	dˈu	dˈu	eng
2066	it	ˈɪt	ˈɪt	eng
2067	secretely	sikɹtli	sikɹtli	eng
2068	the	ðʌ	ðəʔ	eng
2069	/ti/ 	ti	ti	eng
2070	teachers	tˈiʧɝz	tˈiʧɝz	eng
2071	sometimes	sʌmtˈaɪmz	sʌmtˈaɪmz	eng
2072				eng
2073	/wo/	wo 	wo wˈoʊnt	eng
2074	won't	wˈoʊnt	wˈoʊnt	eng
2075	find	fˈaɪnd	fˈaɪnd	eng
2076	it	ˈɪt	ˈɪt	eng
2077	cause	kˈɑz	kˈɑz	eng
2078	so	sˈoʊ	sˈoʊ	eng
2079	many	mˈɛni	mˈɛni	eng
2080	students,	stˈudʌnts	stˈudʌnts	eng
2081	how	hˈaʊ	hˈaʊ	eng
2082	how	hˈaʊ	hˈaʊ	eng
2083	can	kˈæn	kˈæn	eng
2084	a	ʌ	ʌ	eng
2085	teacher,	tˈiʧɝ	tˈiʧɝ	eng
2086	/x/ 	x	x	eng
2087	/x/	x	x	eng
2088	/x/	x	x	eng
2089	he	hˈi	xˈi	eng
2090	need	nˈid	nˈid	eng
2091	to	tˈu	tˈu	eng
2092	teach	tˈiʧ	tˈiʧ	eng
2093	he	hˈi	hˈɪ	eng
2094	he	hˈi	hˈɪ	eng
2095	need	nˈid	nˈid	eng
2096	to	tˈu	tˈu	eng
2097	prepare	pɹipˈɛɹ	pɹipˈɛɹ	eng
2098	for	fˈɔɹ	fˈɔɹ	eng
2099	teaching	tˈiʧɪŋ	tˈiʧɪŋ	eng
2100	every	ˈɛvɝi	ˈɛvɝi	eng
2101	day	dˈeɪ	dˈeɪ	eng
2102	and	ʌnd	æn	eng
2103				eng
2104	/hɪ/ his	hɪ 	hɪ	eng
2105	his	hˈɪz	hˈɪz	eng
2106	energy	ˈɛnɝʤi	ˈɛnɝʤi	eng
2107	is	ˈɪz	ˈɪz	eng
2108	limited	lˈɪmʌtʌd	lˈɪmʌtʌd	eng
